{
    "relative_sim_error_tgt": [
        0.9787827148565064,
        -0.8552781266372446,
        -2.1923862142180557,
        0.5566713586667008,
        -0.9899206171744812,
        -2.3064782234425185,
        -2.4316672010230915,
        -1.269379636045026
    ],
    "relative_baseline_calc_error_tgt": [
        136.02182421486768,
        105.17180092422512,
        48.67860283408728,
        113.69530082298019,
        93.97808987826635,
        39.62979376692378,
        -62.058578369343614,
        -11.169827712479465
    ],
    "relative_baseline_sim_error_tgt": [
        107.1727452303956,
        107.4204701948149,
        70.28417764837798,
        99.68500433794136,
        101.33235829928822,
        65.8816583511216,
        5.261562388603696,
        34.245882811713905
    ]
}