{
  "accs": [
    0.644,
    0.638,
    0.636,
    0.634,
    0.632,
    0.628,
    0.62,
    0.616,
    0.612,
    0.594,
    0.58,
    0.566,
    0.558,
    0.536,
    0.528,
    0.52
  ],
  "runtime": [
    1.2374343662261962,
    1.1933544025421143,
    1.0973238430023193,
    0.6864348201751709,
    0.6276615352630616,
    0.5909282321929932,
    0.4917483139038086,
    0.4329750289916992,
    0.3815484046936035,
    0.3814017963409424,
    0.31119688987731936,
    0.3095445156097412,
    0.23336101531982423,
    0.22789315700531007,
    0.21223187446594238,
    0.1234750747680664
  ],
  "ensembles": [
    [
      "llama_13b",
      "llama_70b"
    ],
    [
      "llama_13b",
      "llama_70b"
    ],
    [
      "llama_13b",
      "llama_03b",
      "llama_70b"
    ],
    [
      "llama_13b",
      "llama_70b"
    ],
    [
      "llama_13b",
      "llama_70b"
    ],
    [
      "llama_13b",
      "llama_70b"
    ],
    [
      "llama_13b",
      "llama_70b"
    ],
    [
      "llama_13b",
      "llama_70b"
    ],
    [
      "llama_13b"
    ],
    [
      "llama_03b",
      "llama_13b"
    ],
    [
      "llama_03b",
      "llama_13b"
    ],
    [
      "llama_03b",
      "llama_07b",
      "llama_13b"
    ],
    [
      "llama_03b",
      "llama_13b"
    ],
    [
      "llama_03b",
      "llama_07b"
    ],
    [
      "llama_07b"
    ],
    [
      "llama_03b"
    ]
  ],
  "threshs": [
    [
      0.5,
      0.033939393939393936
    ],
    [
      0.5,
      0.031578947368421054
    ],
    [
      0.5,
      0.031578947368421054,
      0.04736842105263158
    ],
    [
      0.5,
      0.010606060606060605
    ],
    [
      0.5,
      0.008484848484848484
    ],
    [
      0.5,
      0.006363636363636363
    ],
    [
      0.5,
      0.004242424242424242
    ],
    [
      0.5,
      0.002121212121212121
    ],
    [
      0.5
    ],
    [
      0.5,
      0.04736842105263158
    ],
    [
      0.5,
      0.031578947368421054
    ],
    [
      0.5,
      0.031578947368421054,
      0.015789473684210527
    ],
    [
      0.5,
      0.015789473684210527
    ],
    [
      0.5,
      0.031578947368421054
    ],
    [
      0.5
    ],
    [
      0.5
    ]
  ]
}