{
    "5_sequential_100_in": {
        "ttft": {
            "mean": 3.6939905507752817,
            "stdev": 0.9443352450143467,
            "relative_sim_error": [
                2.2128239562245695,
                3.850910688338458,
                4.8457283843505135,
                3.7201692449022015,
                3.840320480060667
            ],
            "abs_sim_error": [
                0.000789642333984375,
                0.0013585090637207031,
                0.0017044544219970703,
                0.0013227462768554688,
                0.0011107921600341797
            ]
        },
        "tgt": {
            "mean": 4.724411089701323,
            "stdev": 0.37110903686898605,
            "relative_sim_error": [
                4.631559124348988,
                4.861979292855874,
                5.127756952092628,
                4.8611247301207525,
                4.139635349088373
            ],
            "abs_sim_error": [
                0.007153749465942383,
                0.007176637649536133,
                0.007204294204711914,
                0.006500720977783203,
                0.005263805389404297
            ]
        }
    },
    "5_sequential_1000_in": {
        "ttft": {
            "mean": -1.3446061103822813,
            "stdev": 0.29647272567082056,
            "relative_sim_error": [
                -0.9859219742762947,
                -1.1603539974039316,
                -1.3199898161023091,
                -1.5115122598091473,
                -1.745252504319724
            ],
            "abs_sim_error": [
                -0.0014302730560302734,
                -0.0016858577728271484,
                -0.0019283294677734375,
                -0.002217531204223633,
                -0.0014858245849609375
            ]
        },
        "tgt": {
            "mean": 2.426249771412167,
            "stdev": 0.14559858440360893,
            "relative_sim_error": [
                2.252613855129977,
                2.3233034878372263,
                2.4223703258133713,
                2.5179831456906765,
                2.614978042589583
            ],
            "abs_sim_error": [
                0.05820512771606445,
                0.05862092971801758,
                0.05962419509887695,
                0.06042766571044922,
                0.06112098693847656
            ]
        }
    },
    "10_sequential_1000_in": {
        "ttft": {
            "mean": -1.9666795275190305,
            "stdev": 0.6845547320215336,
            "relative_sim_error": [
                -0.9994238208906082,
                -1.1383166452520301,
                -1.3514904294612824,
                -1.5966318121111438,
                -1.9442948098053594,
                -2.2056291717251404,
                -2.263614522372334,
                -2.4209045226130654,
                -2.66761743699942,
                -3.078872103959921
            ],
            "abs_sim_error": [
                -0.001447439193725586,
                -0.001651763916015625,
                -0.0019724369049072266,
                -0.002337217330932617,
                -0.0028569698333740234,
                -0.0032529830932617188,
                -0.0033447742462158203,
                -0.0035893917083740234,
                -0.003960132598876953,
                -0.0026769638061523438
            ]
        },
        "tgt": {
            "mean": -0.9591976583906816,
            "stdev": 0.0858943365602443,
            "relative_sim_error": [
                -1.0226402627797524,
                -1.0410759416131041,
                -1.0392473627968517,
                -1.0290936143594795,
                -1.0085251035610063,
                -0.975739816917147,
                -0.9348399359234033,
                -0.8875740177252133,
                -0.8465514078275598,
                -0.8066891204032983
            ],
            "abs_sim_error": [
                -0.03149890899658203,
                -0.03144359588623047,
                -0.030762195587158203,
                -0.02983379364013672,
                -0.028617143630981445,
                -0.02708292007446289,
                -0.025364398956298828,
                -0.02352428436279297,
                -0.02190399169921875,
                -0.020362138748168945
            ]
        }
    },
    "5_concurrent_100_in": {
        "ttft": {
            "mean": 0.29767157010857775,
            "stdev": 0.004312331482654941,
            "relative_sim_error": [
                0.290481155966036,
                0.29701771864321563,
                0.29935241181208305,
                0.3002863195139552,
                0.30122024460759894
            ],
            "abs_sim_error": [
                0.000148773193359375,
                0.00015211105346679688,
                0.0001533031463623047,
                0.0001537799835205078,
                0.00015425682067871094
            ]
        },
        "tgt": {
            "mean": 4.9645431756628655,
            "stdev": 0.05840233108404289,
            "relative_sim_error": [
                5.0507772153685275,
                4.988811879283704,
                4.955502071869682,
                4.927760040625465,
                4.8998646711669505
            ],
            "abs_sim_error": [
                0.007508277893066406,
                0.007420539855957031,
                0.007373332977294922,
                0.007333993911743164,
                0.007294416427612305
            ]
        }
    },
    "5_concurrent_1000_in": {
        "ttft": {
            "mean": -0.38684420390954816,
            "stdev": 0.24934928874683537,
            "relative_sim_error": [
                -0.12034010444798697,
                -0.2061357368286372,
                -0.31452080023791834,
                -0.5974654739795965,
                -0.6957589040536019
            ],
            "abs_sim_error": [
                -0.0001747608184814453,
                -0.0004494190216064453,
                -0.0009152889251708984,
                -0.0021584033966064453,
                -0.0025975704193115234
            ]
        },
        "tgt": {
            "mean": 2.2870480410048586,
            "stdev": 0.02171438105179607,
            "relative_sim_error": [
                2.312990644383703,
                2.2953233552015235,
                2.2929966394760264,
                2.279263107121209,
                2.2546664588418315
            ],
            "abs_sim_error": [
                0.05971407890319824,
                0.0595240592956543,
                0.05971527099609375,
                0.05960893630981445,
                0.05921530723571777
            ]
        }
    },
    "10_concurrent_1000_in": {
        "ttft": {
            "mean": -0.6491253252837578,
            "stdev": 0.36476123278662315,
            "relative_sim_error": [
                -0.10049492106550889,
                -0.1841957024648754,
                -0.3620301530746359,
                -0.46731968828775533,
                -0.6328042270429483,
                -0.7305432827081291,
                -0.8347256293857327,
                -0.969977189348663,
                -1.051401370032744,
                -1.1577610894265848
            ],
            "abs_sim_error": [
                -0.00014591217041015625,
                -0.00040149688720703125,
                -0.0010540485382080078,
                -0.0017025470733642578,
                -0.002771139144897461,
                -0.0037360191345214844,
                -0.004883766174316406,
                -0.0063931941986083984,
                -0.007627248764038086,
                -0.008550643920898438
            ]
        },
        "tgt": {
            "mean": -1.009398332919438,
            "stdev": 0.013158351847647548,