{
    "block_size": 16,
    "cuda_profile": {
        "block_size": 16,
        "input_token_upper_limit": 1024,
        "intervals": {
            "(0, 1)": {
                "intercept": 0.010678529739379883,
                "slope": 0
            },
            "(1, 5)": {
                "intercept": 0.010437071323394775,
                "slope": 0.00024145841598510742
            },
            "(101, 105)": {
                "intercept": 0.037958621978759766,
                "slope": -0.00015997886657714844
            },
            "(105, 133)": {
                "intercept": -0.0005418062210083008,
                "slope": 0.00020669187818254744
            },
            "(133, 189)": {
                "intercept": 0.012406498193740845,
                "slope": 0.00010933620589120048
            },
            "(189, 201)": {
                "intercept": 0.013841211795806885,
                "slope": 0.0001017451286315918
            },
            "(201, 233)": {
                "intercept": 0.03068883717060089,
                "slope": 1.792609691619873e-05
            },
            "(233, 289)": {
                "intercept": -0.020144283771514893,
                "slope": 0.00023609399795532227
            },
            "(289, 301)": {
                "intercept": 0.006222585837046303,
                "slope": 0.00014485915501912436
            },
            "(301, 389)": {
                "intercept": 0.018074517900293526,
                "slope": 0.00010548396544022994
            },
            "(33, 41)": {
                "intercept": 0.018829375505447388,
                "slope": -0.0001068413257598877
            },
            "(389, 401)": {
                "intercept": -0.08708125352859497,
                "slope": 0.0003758072853088379
            },
            "(401, 489)": {
                "intercept": 0.04706244577061046,
                "slope": 4.128434441306374e-05
            },
            "(41, 89)": {
                "intercept": 0.008486643433570862,
                "slope": 0.00014542043209075928
            },
            "(489, 501)": {
                "intercept": -0.2064756155014038,
                "slope": 0.0005597670873006185
            },
            "(5, 9)": {
                "intercept": 0.011131465435028076,
                "slope": 0.00010257959365844727
            },
            "(501, 601)": {
                "intercept": 0.006015088558197018,
                "slope": 0.0001356339454650879
            },
            "(601, 701)": {
                "intercept": 0.010435571670532232,
                "slope": 0.00012827873229980468
            },
            "(701, 801)": {
                "intercept": 0.023699121475219728,
                "slope": 0.00010935783386230469
            },
            "(801, 901)": {
                "intercept": 0.01959510564804076,
                "slope": 0.00011448144912719727
            },
            "(89, 101)": {
                "intercept": 0.018672327200571697,
                "slope": 3.097454706827799e-05
            },
            "(9, 33)": {
                "intercept": 0.01083633303642273,
                "slope": 0.00013537208239237467
            },
            "(901, 1024)": {
                "intercept": 0.04945441007614135,
                "slope": 8.134126663208008e-05
            }
        },
        "max_model_len": 8192,
        "max_num_batched_tokens": 1024,
        "max_num_seqs": 1024,
        "model": "neuralmagic/Meta-Llama-3-8B-Instruct-FP8",
        "model_name": "llama8b_fp8",
        "num_gpu_blocks": 31372,
        "num_watermark_blocks": 313,
        "uses_cuda": true
    },
    "input_token_upper_limit": 1024,
    "max_model_len": 8192,
    "max_num_batched_tokens": 1024,
    "max_num_seqs": 1024,
    "model": "neuralmagic/Meta-Llama-3-8B-Instruct-FP8",
    "model_name": "llama8b_fp8",
    "no_cuda_profile": {
        "block_size": 16,
        "input_token_upper_limit": 1024,
        "intervals": {
            "(0, 1)": {
                "intercept": 0.01145315170288086,
                "slope": 0
            },
            "(1, 2)": {
                "intercept": 0.005156755447387695,
                "slope": 0.006296396255493164
            },
            "(102, 152)": {
                "intercept": 0.013295879364013672,
                "slope": 4.852294921875e-05
            },
            "(152, 202)": {
                "intercept": 0.01790193557739258,
                "slope": 1.8219947814941407e-05
            },
            "(2, 52)": {
                "intercept": 0.01776163101196289,
                "slope": -6.041526794433594e-06
            },
            "(202, 252)": {
                "intercept": 0.015262737274169921,
                "slope": 3.128528594970703e-05
            },
            "(252, 302)": {
                "intercept": -0.09551910400390626,
                "slope": 0.00047089576721191405
            },
            "(302, 352)": {
                "intercept": 0.14193620681762695,
                "slope": -0.00031538009643554686
            },
            "(352, 402)": {
                "intercept": -0.001337718963623044,
                "slope": 9.164810180664062e-05
            },
            "(402, 452)": {
                "intercept": 0.020972909927368163,
                "slope": 3.614902496337891e-05
            },
            "(452, 502)": {
                "intercept": 0.021925554275512696,
                "slope": 3.4041404724121094e-05
            },
            "(502, 552)": {
                "intercept": -0.031875753402709955,
                "slope": 0.00014121532440185546
            },
            "(52, 102)": {
                "intercept": 0.016617813110351563,
                "slope": 1.5954971313476563e-05
            },
            "(552, 602)": {
                "intercept": 0.025989236831665038,
                "slope": 3.638744354248047e-05
            },
            "(602, 652)": {
                "intercept": -0.020060281753540035,
                "slope": 0.00011288166046142578
            },
            "(652, 702)": {
                "intercept": 0.021870508193969726,
                "slope": 4.857063293457031e-05
            },
            "(702, 752)": {
                "intercept": -0.18853012084960935,
                "slope": 0.0003482866287231445
            },
            "(752, 802)": {
                "intercept": 0.2583055114746094,
                "slope": -0.0002459096908569336
            },
            "(802, 852)": {
                "intercept": 0.03153608322143555,
                "slope": 3.684520721435547e-05
            },
            "(852, 902)": {
                "intercept": -0.024971351623535157,
                "slope": 0.00010316848754882813
            },
            "(902, 952)": {
                "intercept": 0.036181278228759765,
                "slope": 3.5371780395507816e-05
            },
            "(952, 1024)": {
                "intercept": 0.03456975936889648,
                "slope": 3.706455230712891e-05
            }
        },
        "max_model_len": 8192,
        "max_num_batched_tokens": 1024,
        "max_num_seqs": 1024,
        "model": "neuralmagic/Meta-Llama-3-8B-Instruct-FP8",
        "model_name": "llama8b_fp8",
        "num_gpu_blocks": 31372,
        "num_watermark_blocks": 313,
        "uses_cuda": false
    },
    "num_gpu_blocks": 31372,
    "num_watermark_blocks": 313
}