{
    "relative_sim_error_tgt": [
        0.944336986409378,
        -1.232253024776171,
        -3.8279719318506458,
        0.5075584381074771,
        -1.033676304594499,
        -2.39475365309917,
        -4.538837577038732,
        -3.6000229836505095
    ],
    "relative_baseline_calc_error_tgt": [
        76.14476796467311,
        62.34478035088432,
        43.27030436037673,
        57.81133394021036,
        58.15797137288843,
        37.426969037409584,
        -69.29718906605889,
        -26.734792911360792
    ],
    "relative_baseline_sim_error_tgt": [
        71.80963816004375,
        66.41226147009809,
        50.10939863302826,
        67.07297775524928,
        64.81816067381679,
        49.18157017004054,
        -11.998392088233844,
        1.0177849177726614
    ]
}