{
    "relative_sim_error_tgt": [
        4.724411089701323,
        2.426249771412167,
        -0.9591976583906816,
        4.9645431756628655,
        2.2870480410048586,
        -1.009398332919438,
        -5.827054968249869,
        -2.79433746576229
    ],
    "relative_baseline_calc_error_tgt": [
        314.8310028375352,
        317.179592956715,
        267.08247375731594,
        290.4151271370792,
        293.78498414872905,
        227.60745332922062,
        -65.81977056554831,
        60.500399263671696
    ],
    "relative_baseline_sim_error_tgt": [
        288.78939940714025,
        319.60334870795475,
        269.4367980329175,
        276.73624402115337,
        301.629955552948,
        240.0690689502538,
        -4.731830744951511,
        85.38912066209323
    ]
}