{
    "5_sequential_100_in": {
        "ttft": {
            "mean": 1.9553522271095538,
            "stdev": 0.8253833842609535,
            "relative_sim_error": [
                1.1524925910245554,
                1.201923076923077,
                2.01272761972452,
                3.1442001095184073,
                2.265417738357209
            ],
            "abs_sim_error": [
                0.002076864242553711,
                0.0021708011627197266,
                0.0036458969116210938,
                0.0057222843170166016,
                0.0036056041717529297
            ]
        },
        "tgt": {
            "mean": 0.944336986409378,
            "stdev": 0.32294659397474434,
            "relative_sim_error": [
                1.3055328895728102,
                1.1324482738725752,
                0.9803091564611949,
                0.8501408890731362,
                0.45325372306717365
            ],
            "abs_sim_error": [
                0.011230230331420898,
                0.009499788284301758,
                0.008006095886230469,
                0.006747245788574219,
                0.0034923553466796875
            ]
        }
    },
    "5_sequential_1000_in": {
        "ttft": {
            "mean": -3.899801682838084,
            "stdev": 7.146466205675724,
            "relative_sim_error": [
                0.25007435239797526,
                0.00250074352397,
                -0.8232484667871243,
                -1.054651092878358,
                -1.2288405374288773
            ],
            "abs_sim_error": [
                0.0016198158264160156,
                -0.17285776138305664,
                -0.008983612060546875,
                -0.01384282112121582,
                -0.016851186752319336
            ]
        },
        "tgt": {
            "mean": -1.232253024776171,
            "stdev": 0.47862297616764915,
            "relative_sim_error": [
                -0.9822189509059357,
                -2.087578061148733,
                -1.0320017357907125,
                -1.03654163933864,
                -1.0229247366968333
            ],
            "abs_sim_error": [
                -0.15146565437316895,
                -0.3238375186920166,
                -0.15753531455993652,
                -0.15737676620483398,
                -0.154433012008667
            ]
        }
    },
    "10_sequential_1000_in": {
        "ttft": {
            "mean": -2.844563100810944,
            "stdev": 4.92913305012253,
            "relative_sim_error": [
                0.11700472319726159,
                0.00250074352397,
                -0.9487454037268571,
                -1.1591791408360106,
                -1.2384983483373346,
                -1.4147183702722368,
                -1.513216917567701,
                -1.68844360412105,
                -1.7923554359034775,
                -2.035702667768281
            ],
            "abs_sim_error": [
                0.0007588863372802734,
                -0.17447304725646973,
                -0.010366201400756836,
                -0.015230894088745117,
                -0.019000530242919922,
                -0.02484893798828125,
                -0.029931306838989258,
                -0.037174224853515625,
                -0.04345417022705078,
                -0.05057859420776367
            ]
        },
        "tgt": {
            "mean": -3.8279719318506458,
            "stdev": 0.27252458534441865,
            "relative_sim_error": [
                -3.6237736726027383,
                -4.588769845799638,
                -3.7004793346000584,
                -3.723155925687877,
                -3.7353774859648845,
                -3.756026514193033,
                -3.7691044988873332,
                -3.7905138799539073,
                -3.7914669324503847,
                -3.8010512283666023
            ],
            "abs_sim_error": [
                -0.6401817798614502,
                -0.8151383399963379,
                -0.648284912109375,
                -0.6493723392486572,
                -0.6485135555267334,
                -0.6491236686706543,
                -0.648317813873291,
                -0.6489436626434326,
                -0.6458818912506104,
                -0.644310474395752
            ]
        }
    },
    "5_concurrent_100_in": {
        "ttft": {
            "mean": 0.5371560371407393,
            "stdev": 0.017940122962558515,
            "relative_sim_error": [
                0.5281701922626497,
                0.5291793119832429,
                0.5295156897255553,
                0.5296838794408706,
                0.5692311122913782
            ],
            "abs_sim_error": [
                0.0015053749084472656,
                0.0015082359313964844,
                0.0015091896057128906,
                0.0015096664428710938,
                0.0020084381103515625
            ]
        },
        "tgt": {
            "mean": 0.5075584381074771,
            "stdev": 0.0357988419469152,
            "relative_sim_error": [
                0.542718180926094,
                0.5217334429461894,
                0.5154263679655613,
                0.5105095365297581,
                0.44740466216978275
            ],
            "abs_sim_error": [
                0.0048656463623046875,
                0.004678487777709961,
                0.004622220993041992,
                0.004578351974487305,
                0.004312753677368164
            ]
        }
    },
    "5_concurrent_1000_in": {
        "ttft": {
            "mean": -0.7332198779345421,
            "stdev": 0.4047218683031468,
            "relative_sim_error": [
                -0.11566926072892904,
                -0.5813371564962779,
                -0.8290212524377126,
                -0.9843208615043364,
                -1.1557508585054548
            ],
            "abs_sim_error": [
                -0.0007519721984863281,
                -0.0063283443450927734,
                -0.012665987014770508,
                -0.019365787506103516,
                -0.025954246520996094
            ]
        },
        "tgt": {
            "mean": -1.033676304594499,
            "stdev": 0.005632532894095773,
            "relative_sim_error": [
                -1.0347229606512034,
                -1.0346060440025164,
                -1.040262414839995,
                -1.034133548482021,
                -1.0246565549967594
            ],
            "abs_sim_error": [
                -0.15964102745056152,
                -0.16104364395141602,
                -0.16335439682006836,
                -0.1637868881225586,
                -0.16365480422973633
            ]
        }
    },
    "10_concurrent_1000_in": {
        "ttft": {
            "mean": -1.0838621313744186,
            "stdev": 0.4416630777316869,
            "relative_sim_error": [
                -0.15803382605721553,
                -0.6210160265307785,
                -0.8435972533433317,
                -1.0115151574625003,
                -1.1599340359025694,
                -1.293928536780375,
                -1.3998712645542373,
                -1.501783652886393,
                -1.6044528642379412,
                -1.2444886959888446
            ],
            "abs_sim_error": [
                -0.001027822494506836,
                -0.006762981414794922,
                -0.01289057731628418,
                -0.019906282424926758,
                -0.02794170379638672,
                -0.03688669204711914,
                -0.046095848083496094,
                -0.05610322952270508,
                -0.06706023216247559,
                -0.05520796775817871
            ]
        },
        "tgt": {
            "mean": -2.39475365309917,
            "stdev": 0.022286774001343688,