{
    "block_size": 16,
    "cuda_profile": {
        "block_size": 16,
        "input_token_upper_limit": 2000,
        "intervals": {
            "(0, 1)": {
                "intercept": 0.014163732528686523,
                "slope": 0
            },
            "(1, 101)": {
                "intercept": 0.013874313831329345,
                "slope": 0.00028941869735717775
            },
            "(1001, 1101)": {
                "intercept": -0.04545732498168942,
                "slope": 0.0003046607971191406
            },
            "(101, 201)": {
                "intercept": 0.02262002944946289,
                "slope": 0.00020282745361328126
            },
            "(1101, 1201)": {
                "intercept": -0.045662074089050264,
                "slope": 0.0003048467636108398
            },
            "(1201, 1301)": {
                "intercept": -0.015782420635223393,
                "slope": 0.0002799677848815918
            },
            "(1301, 1401)": {
                "intercept": 0.09106927156448363,
                "slope": 0.00019783735275268554
            },
            "(1401, 1501)": {
                "intercept": -1.6528188300132753,
                "slope": 0.0014425826072692871
            },
            "(1501, 1601)": {
                "intercept": 1.7909284520149231,
                "slope": -0.0008517193794250488
            },
            "(1601, 1701)": {
                "intercept": -0.16492118120193477,
                "slope": 0.0003699231147766113
            },
            "(1701, 1801)": {
                "intercept": 0.07577274560928343,
                "slope": 0.000228421688079834
            },
            "(1801, 2000)": {
                "intercept": -0.03728613138198844,
                "slope": 0.00029119729995727536
            },
            "(201, 301)": {
                "intercept": 0.012339773178100588,
                "slope": 0.00025397300720214844
            },
            "(301, 401)": {
                "intercept": 0.017372581958770755,
                "slope": 0.00023725271224975586
            },
            "(401, 501)": {
                "intercept": 0.03813817262649537,
                "slope": 0.00018546819686889648
            },
            "(501, 601)": {
                "intercept": 0.006109464168548601,
                "slope": 0.00024939775466918944
            },
            "(601, 701)": {
                "intercept": -0.009248311519622798,
                "slope": 0.0002749514579772949
            },
            "(701, 801)": {
                "intercept": -1.7556246161460876,
                "slope": 0.0027662158012390138
            },
            "(801, 901)": {
                "intercept": 2.2133329963684085,
                "slope": -0.0021887874603271486
            },
            "(901, 1001)": {
                "intercept": 0.07659902334213259,
                "slope": 0.0001827263832092285
            }
        },
        "max_model_len": 2048,
        "max_num_batched_tokens": 2048,
        "max_num_seqs": 2000,
        "model": "/home/gridsan/swang2/model_weights/Llama-3.2-3B-Instruct",
        "model_name": "Llama-3.2-3B-Instruct_1-V100",
        "num_gpu_blocks": 7814,
        "num_watermark_blocks": 78,
        "uses_cuda": true
    },
    "input_token_upper_limit": 2048,
    "max_model_len": 2048,
    "max_num_batched_tokens": 2048,
    "max_num_seqs": 2000,
    "model": "/home/gridsan/swang2/model_weights/Llama-3.2-3B-Instruct",
    "model_name": "Llama-3.2-3B-Instruct_1-V100",
    "no_cuda_profile": {
        "block_size": 16,
        "input_token_upper_limit": 2000,
        "intervals": {
            "(0, 1)": {
                "intercept": 0.014163732528686523,
                "slope": 0
            },
            "(1, 101)": {
                "intercept": 0.013874313831329345,
                "slope": 0.00028941869735717775
            },
            "(1001, 1101)": {
                "intercept": -0.04545732498168942,
                "slope": 0.0003046607971191406
            },
            "(101, 201)": {
                "intercept": 0.02262002944946289,
                "slope": 0.00020282745361328126
            },
            "(1101, 1201)": {
                "intercept": -0.045662074089050264,
                "slope": 0.0003048467636108398
            },
            "(1201, 1301)": {
                "intercept": -0.015782420635223393,
                "slope": 0.0002799677848815918
            },
            "(1301, 1401)": {
                "intercept": 0.09106927156448363,
                "slope": 0.00019783735275268554
            },
            "(1401, 1501)": {
                "intercept": -1.6528188300132753,
                "slope": 0.0014425826072692871
            },
            "(1501, 1601)": {
                "intercept": 1.7909284520149231,
                "slope": -0.0008517193794250488
            },
            "(1601, 1701)": {
                "intercept": -0.16492118120193477,
                "slope": 0.0003699231147766113
            },
            "(1701, 1801)": {
                "intercept": 0.07577274560928343,
                "slope": 0.000228421688079834
            },
            "(1801, 2000)": {
                "intercept": -0.03728613138198844,
                "slope": 0.00029119729995727536
            },
            "(201, 301)": {
                "intercept": 0.012339773178100588,
                "slope": 0.00025397300720214844
            },
            "(301, 401)": {
                "intercept": 0.017372581958770755,
                "slope": 0.00023725271224975586
            },
            "(401, 501)": {
                "intercept": 0.03813817262649537,
                "slope": 0.00018546819686889648
            },
            "(501, 601)": {
                "intercept": 0.006109464168548601,
                "slope": 0.00024939775466918944
            },
            "(601, 701)": {
                "intercept": -0.009248311519622798,
                "slope": 0.0002749514579772949
            },
            "(701, 801)": {
                "intercept": -1.7556246161460876,
                "slope": 0.0027662158012390138
            },
            "(801, 901)": {
                "intercept": 2.2133329963684085,
                "slope": -0.0021887874603271486
            },
            "(901, 1001)": {
                "intercept": 0.07659902334213259,
                "slope": 0.0001827263832092285
            }
        },
        "max_model_len": 2048,
        "max_num_batched_tokens": 2048,
        "max_num_seqs": 2000,
        "model": "/home/gridsan/swang2/model_weights/Llama-3.2-3B-Instruct",
        "model_name": "Llama-3.2-3B-Instruct_1-V100",
        "num_gpu_blocks": 7814,
        "num_watermark_blocks": 78,
        "uses_cuda": true
    },
    "num_gpu_blocks": 7814,
    "num_watermark_blocks": 78
}