{
    "block_size": 16,
    "cuda_profile": {
        "block_size": 16,
        "input_token_upper_limit": 2000,
        "intervals": {
            "(0, 1)": {
                "intercept": 0.006203889846801758,
                "slope": 0
            },
            "(1, 101)": {
                "intercept": 0.00602463960647583,
                "slope": 0.00017925024032592774
            },
            "(1001, 1101)": {
                "intercept": 0.007409951686859151,
                "slope": 0.0001712822914123535
            },
            "(101, 201)": {
                "intercept": 0.008331530094146729,
                "slope": 0.00015640974044799804
            },
            "(1101, 1201)": {
                "intercept": 0.031748845577239976,
                "slope": 0.00014917612075805665
            },
            "(1201, 1301)": {
                "intercept": -0.14223177194595338,
                "slope": 0.000294039249420166
            },
            "(1301, 1401)": {
                "intercept": 0.08747703313827515,
                "slope": 0.0001174759864807129
            },
            "(1401, 1501)": {
                "intercept": 0.021984863281250017,
                "slope": 0.00016422271728515624
            },
            "(1501, 1601)": {
                "intercept": -0.059150581359863286,
                "slope": 0.0002182769775390625
            },
            "(1601, 1701)": {
                "intercept": 0.007942259311676025,
                "slope": 0.00017637014389038086
            },
            "(1701, 1801)": {
                "intercept": -0.05194125413894651,
                "slope": 0.00021157503128051757
            },
            "(1801, 2000)": {
                "intercept": -0.02802412748336791,
                "slope": 0.00019829511642456056
            },
            "(201, 301)": {
                "intercept": 0.0053761720657348605,
                "slope": 0.00017111301422119142
            },
            "(301, 401)": {
                "intercept": 0.0005608081817626981,
                "slope": 0.00018711090087890624
            },
            "(401, 501)": {
                "intercept": 0.020421967506408692,
                "slope": 0.00013758182525634764
            },
            "(501, 601)": {
                "intercept": 0.0090027666091919,
                "slope": 0.00016037464141845702
            },
            "(601, 701)": {
                "intercept": -0.005545423030853286,
                "slope": 0.00018458127975463868
            },
            "(701, 801)": {
                "intercept": -0.017127630710601804,
                "slope": 0.00020110368728637696
            },
            "(801, 901)": {
                "intercept": 0.0007665657997131536,
                "slope": 0.00017876386642456054
            },
            "(901, 1001)": {
                "intercept": 0.008386058807373031,
                "slope": 0.00017030715942382814
            }
        },
        "max_model_len": 2048,
        "max_num_batched_tokens": 2048,
        "max_num_seqs": 2000,
        "model": "/home/gridsan/swang2/model_weights/Llama-3.2-1B-Instruct",
        "model_name": "Llama-3.2-1B-Instruct_1-V100",
        "num_gpu_blocks": 34930,
        "num_watermark_blocks": 349,
        "uses_cuda": true
    },
    "input_token_upper_limit": 2048,
    "max_model_len": 2048,
    "max_num_batched_tokens": 2048,
    "max_num_seqs": 2000,
    "model": "/home/gridsan/swang2/model_weights/Llama-3.2-1B-Instruct",
    "model_name": "Llama-3.2-1B-Instruct_1-V100",
    "no_cuda_profile": {
        "block_size": 16,
        "input_token_upper_limit": 2000,
        "intervals": {
            "(0, 1)": {
                "intercept": 0.006203889846801758,
                "slope": 0
            },
            "(1, 101)": {
                "intercept": 0.00602463960647583,
                "slope": 0.00017925024032592774
            },
            "(1001, 1101)": {
                "intercept": 0.007409951686859151,
                "slope": 0.0001712822914123535
            },
            "(101, 201)": {
                "intercept": 0.008331530094146729,
                "slope": 0.00015640974044799804
            },
            "(1101, 1201)": {
                "intercept": 0.031748845577239976,
                "slope": 0.00014917612075805665
            },
            "(1201, 1301)": {
                "intercept": -0.14223177194595338,
                "slope": 0.000294039249420166
            },
            "(1301, 1401)": {
                "intercept": 0.08747703313827515,
                "slope": 0.0001174759864807129
            },
            "(1401, 1501)": {
                "intercept": 0.021984863281250017,
                "slope": 0.00016422271728515624
            },
            "(1501, 1601)": {
                "intercept": -0.059150581359863286,
                "slope": 0.0002182769775390625
            },
            "(1601, 1701)": {
                "intercept": 0.007942259311676025,
                "slope": 0.00017637014389038086
            },
            "(1701, 1801)": {
                "intercept": -0.05194125413894651,
                "slope": 0.00021157503128051757
            },
            "(1801, 2000)": {
                "intercept": -0.02802412748336791,
                "slope": 0.00019829511642456056
            },
            "(201, 301)": {
                "intercept": 0.0053761720657348605,
                "slope": 0.00017111301422119142
            },
            "(301, 401)": {
                "intercept": 0.0005608081817626981,
                "slope": 0.00018711090087890624
            },
            "(401, 501)": {
                "intercept": 0.020421967506408692,
                "slope": 0.00013758182525634764
            },
            "(501, 601)": {
                "intercept": 0.0090027666091919,
                "slope": 0.00016037464141845702
            },
            "(601, 701)": {
                "intercept": -0.005545423030853286,
                "slope": 0.00018458127975463868
            },
            "(701, 801)": {
                "intercept": -0.017127630710601804,
                "slope": 0.00020110368728637696
            },
            "(801, 901)": {
                "intercept": 0.0007665657997131536,
                "slope": 0.00017876386642456054
            },
            "(901, 1001)": {
                "intercept": 0.008386058807373031,
                "slope": 0.00017030715942382814
            }
        },
        "max_model_len": 2048,
        "max_num_batched_tokens": 2048,
        "max_num_seqs": 2000,
        "model": "/home/gridsan/swang2/model_weights/Llama-3.2-1B-Instruct",
        "model_name": "Llama-3.2-1B-Instruct_1-V100",
        "num_gpu_blocks": 34930,
        "num_watermark_blocks": 349,
        "uses_cuda": true
    },
    "num_gpu_blocks": 34930,
    "num_watermark_blocks": 349
}