{
    "block_size": 16,
    "cuda_profile": {
        "block_size": 16,
        "input_token_upper_limit": 2000,
        "intervals": {
            "(0, 1)": {
                "intercept": 0.017536401748657227,
                "slope": 0
            },
            "(1, 101)": {
                "intercept": 0.01716815233230591,
                "slope": 0.00036824941635131835
            },
            "(1001, 1101)": {
                "intercept": -0.03918053150177003,
                "slope": 0.0003826761245727539
            },
            "(101, 201)": {
                "intercept": 0.02281232833862304,
                "slope": 0.00031236648559570314
            },
            "(1101, 1201)": {
                "intercept": 0.08648292064666752,
                "slope": 0.0002685403823852539
            },
            "(1201, 1301)": {
                "intercept": -0.16269076824188233,
                "slope": 0.0004760122299194336
            },
            "(1301, 1401)": {
                "intercept": 0.14131296634674073,
                "slope": 0.00024234294891357423
            },
            "(1401, 1501)": {
                "intercept": -0.018050088882446302,
                "slope": 0.0003560924530029297
            },
            "(1501, 1601)": {
                "intercept": -0.060289046764373744,
                "slope": 0.0003842329978942871
            },
            "(1601, 1701)": {
                "intercept": -0.08629100561141967,
                "slope": 0.00040047407150268556
            },
            "(1701, 1801)": {
                "intercept": -4.984584774971008,
                "slope": 0.003280129432678223
            },
            "(1801, 2000)": {
                "intercept": 5.8679509973526,
                "slope": -0.0027457094192504883
            },
            "(201, 301)": {
                "intercept": 0.014463813304901124,
                "slope": 0.0003539013862609863
            },
            "(301, 401)": {
                "intercept": 0.03216727256774901,
                "slope": 0.0002950859069824219
            },
            "(401, 501)": {
                "intercept": 0.047397284507751464,
                "slope": 0.000257105827331543
            },
            "(501, 601)": {
                "intercept": 0.012520942687988285,
                "slope": 0.00032671928405761716
            },
            "(601, 701)": {
                "intercept": -0.0366646337509155,
                "slope": 0.0004085588455200195
            },
            "(701, 801)": {
                "intercept": 0.018609070777893033,
                "slope": 0.0003297090530395508
            },
            "(801, 901)": {
                "intercept": -0.002319691181182859,
                "slope": 0.000355837345123291
            },
            "(901, 1001)": {
                "intercept": 0.08773725986480713,
                "slope": 0.00025588512420654297
            }
        },
        "max_model_len": 2048,
        "max_num_batched_tokens": 2048,
        "max_num_seqs": 2000,
        "model": "/home/gridsan/swang2/model_weights/Llama-3.1-8B-Instruct",
        "model_name": "Llama-3.1-8B-Instruct_2-V100",
        "num_gpu_blocks": 12062,
        "num_watermark_blocks": 120,
        "uses_cuda": true
    },
    "input_token_upper_limit": 2048,
    "max_model_len": 2048,
    "max_num_batched_tokens": 2048,
    "max_num_seqs": 2000,
    "model": "/home/gridsan/swang2/model_weights/Llama-3.1-8B-Instruct",
    "model_name": "Llama-3.1-8B-Instruct_2-V100",
    "no_cuda_profile": {
        "block_size": 16,
        "input_token_upper_limit": 2000,
        "intervals": {
            "(0, 1)": {
                "intercept": 0.017536401748657227,
                "slope": 0
            },
            "(1, 101)": {
                "intercept": 0.01716815233230591,
                "slope": 0.00036824941635131835
            },
            "(1001, 1101)": {
                "intercept": -0.03918053150177003,
                "slope": 0.0003826761245727539
            },
            "(101, 201)": {
                "intercept": 0.02281232833862304,
                "slope": 0.00031236648559570314
            },
            "(1101, 1201)": {
                "intercept": 0.08648292064666752,
                "slope": 0.0002685403823852539
            },
            "(1201, 1301)": {
                "intercept": -0.16269076824188233,
                "slope": 0.0004760122299194336
            },
            "(1301, 1401)": {
                "intercept": 0.14131296634674073,
                "slope": 0.00024234294891357423
            },
            "(1401, 1501)": {
                "intercept": -0.018050088882446302,
                "slope": 0.0003560924530029297
            },
            "(1501, 1601)": {
                "intercept": -0.060289046764373744,
                "slope": 0.0003842329978942871
            },
            "(1601, 1701)": {
                "intercept": -0.08629100561141967,
                "slope": 0.00040047407150268556
            },
            "(1701, 1801)": {
                "intercept": -4.984584774971008,
                "slope": 0.003280129432678223
            },
            "(1801, 2000)": {
                "intercept": 5.8679509973526,
                "slope": -0.0027457094192504883
            },
            "(201, 301)": {
                "intercept": 0.014463813304901124,
                "slope": 0.0003539013862609863
            },
            "(301, 401)": {
                "intercept": 0.03216727256774901,
                "slope": 0.0002950859069824219
            },
            "(401, 501)": {
                "intercept": 0.047397284507751464,
                "slope": 0.000257105827331543
            },
            "(501, 601)": {
                "intercept": 0.012520942687988285,
                "slope": 0.00032671928405761716
            },
            "(601, 701)": {
                "intercept": -0.0366646337509155,
                "slope": 0.0004085588455200195
            },
            "(701, 801)": {
                "intercept": 0.018609070777893033,
                "slope": 0.0003297090530395508
            },
            "(801, 901)": {
                "intercept": -0.002319691181182859,
                "slope": 0.000355837345123291
            },
            "(901, 1001)": {
                "intercept": 0.08773725986480713,
                "slope": 0.00025588512420654297
            }
        },
        "max_model_len": 2048,
        "max_num_batched_tokens": 2048,
        "max_num_seqs": 2000,
        "model": "/home/gridsan/swang2/model_weights/Llama-3.1-8B-Instruct",
        "model_name": "Llama-3.1-8B-Instruct_2-V100",
        "num_gpu_blocks": 12062,
        "num_watermark_blocks": 120,
        "uses_cuda": true
    },
    "num_gpu_blocks": 12062,
    "num_watermark_blocks": 120
}