{
    "block_size": 16,
    "cuda_profile": {
        "block_size": 16,
        "input_token_upper_limit": 2000,
        "intervals": {
            "(0, 1)": {
                "intercept": 0.026048660278320312,
                "slope": 0
            },
            "(1, 101)": {
                "intercept": 0.02554810523986816,
                "slope": 0.0005005550384521484
            },
            "(1001, 1101)": {
                "intercept": -2.425154473781586,
                "slope": 0.0028538966178894044
            },
            "(101, 201)": {
                "intercept": 0.04865963220596313,
                "slope": 0.0002717280387878418
            },
            "(1101, 1201)": {
                "intercept": 2.9076699018478394,
                "slope": -0.00198972225189209
            },
            "(1201, 1301)": {
                "intercept": -0.293733811378479,
                "slope": 0.0006758928298950196
            },
            "(1301, 1401)": {
                "intercept": -2.8005828261375427,
                "slope": 0.0026027560234069824
            },
            "(1401, 1501)": {
                "intercept": 3.576254172325134,
                "slope": -0.0019488763809204102
            },
            "(1501, 1601)": {
                "intercept": -0.24818768739700325,
                "slope": 0.000599052906036377
            },
            "(1601, 1701)": {
                "intercept": -0.06881157875061039,
                "slope": 0.0004870128631591797
            },
            "(1701, 1801)": {
                "intercept": 0.01622820138931269,
                "slope": 0.00043701887130737305
            },
            "(1801, 2000)": {
                "intercept": 0.20305230617523184,
                "slope": 0.00033328533172607424
            },
            "(201, 301)": {
                "intercept": 0.015093052387237543,
                "slope": 0.00043872594833374026
            },
            "(301, 401)": {
                "intercept": 0.005473089218139632,
                "slope": 0.0004706859588623047
            },
            "(401, 501)": {
                "intercept": 0.1062569522857666,
                "slope": 0.00021935462951660155
            },
            "(501, 601)": {
                "intercept": 0.008910653591156004,
                "slope": 0.00041365861892700195
            },
            "(601, 701)": {
                "intercept": -1.357406942844391,
                "slope": 0.002687065601348877
            },
            "(701, 801)": {
                "intercept": 1.6839136624336244,
                "slope": -0.0016514801979064942
            },
            "(801, 901)": {
                "intercept": -0.049669220447540297,
                "slope": 0.0005127930641174316
            },
            "(901, 1001)": {
                "intercept": 0.23901654958724977,
                "slope": 0.00019238710403442382
            }
        },
        "max_model_len": 2048,
        "max_num_batched_tokens": 2048,
        "max_num_seqs": 2000,
        "model": "/home/gridsan/swang2/model_weights/Llama-3.1-8B-Instruct",
        "model_name": "Llama-3.1-8B-Instruct_1-V100",
        "num_gpu_blocks": 2241,
        "num_watermark_blocks": 22,
        "uses_cuda": true
    },
    "input_token_upper_limit": 2048,
    "max_model_len": 2048,
    "max_num_batched_tokens": 2048,
    "max_num_seqs": 2000,
    "model": "/home/gridsan/swang2/model_weights/Llama-3.1-8B-Instruct",
    "model_name": "Llama-3.1-8B-Instruct_1-V100",
    "no_cuda_profile": {
        "block_size": 16,
        "input_token_upper_limit": 2000,
        "intervals": {
            "(0, 1)": {
                "intercept": 0.026048660278320312,
                "slope": 0
            },
            "(1, 101)": {
                "intercept": 0.02554810523986816,
                "slope": 0.0005005550384521484
            },
            "(1001, 1101)": {
                "intercept": -2.425154473781586,
                "slope": 0.0028538966178894044
            },
            "(101, 201)": {
                "intercept": 0.04865963220596313,
                "slope": 0.0002717280387878418
            },
            "(1101, 1201)": {
                "intercept": 2.9076699018478394,
                "slope": -0.00198972225189209
            },
            "(1201, 1301)": {
                "intercept": -0.293733811378479,
                "slope": 0.0006758928298950196
            },
            "(1301, 1401)": {
                "intercept": -2.8005828261375427,
                "slope": 0.0026027560234069824
            },
            "(1401, 1501)": {
                "intercept": 3.576254172325134,
                "slope": -0.0019488763809204102
            },
            "(1501, 1601)": {
                "intercept": -0.24818768739700325,
                "slope": 0.000599052906036377
            },
            "(1601, 1701)": {
                "intercept": -0.06881157875061039,
                "slope": 0.0004870128631591797
            },
            "(1701, 1801)": {
                "intercept": 0.01622820138931269,
                "slope": 0.00043701887130737305
            },
            "(1801, 2000)": {
                "intercept": 0.20305230617523184,
                "slope": 0.00033328533172607424
            },
            "(201, 301)": {
                "intercept": 0.015093052387237543,
                "slope": 0.00043872594833374026
            },
            "(301, 401)": {
                "intercept": 0.005473089218139632,
                "slope": 0.0004706859588623047
            },
            "(401, 501)": {
                "intercept": 0.1062569522857666,
                "slope": 0.00021935462951660155
            },
            "(501, 601)": {
                "intercept": 0.008910653591156004,
                "slope": 0.00041365861892700195
            },
            "(601, 701)": {
                "intercept": -1.357406942844391,
                "slope": 0.002687065601348877
            },
            "(701, 801)": {
                "intercept": 1.6839136624336244,
                "slope": -0.0016514801979064942
            },
            "(801, 901)": {
                "intercept": -0.049669220447540297,
                "slope": 0.0005127930641174316
            },
            "(901, 1001)": {
                "intercept": 0.23901654958724977,
                "slope": 0.00019238710403442382
            }
        },
        "max_model_len": 2048,
        "max_num_batched_tokens": 2048,
        "max_num_seqs": 2000,
        "model": "/home/gridsan/swang2/model_weights/Llama-3.1-8B-Instruct",
        "model_name": "Llama-3.1-8B-Instruct_1-V100",
        "num_gpu_blocks": 2241,
        "num_watermark_blocks": 22,
        "uses_cuda": true
    },
    "num_gpu_blocks": 2241,
    "num_watermark_blocks": 22
}