{
    "block_size": 16,
    "cuda_profile": {
        "block_size": 16,
        "input_token_upper_limit": 1003,
        "intervals": {
            "(0, 1)": {
                "intercept": 0.003809213638305664,
                "slope": 0
            },
            "(1, 5)": {
                "intercept": 0.0014330744743347168,
                "slope": 0.0023761391639709473
            },
            "(101, 105)": {
                "intercept": 0.027911484241485596,
                "slope": -0.0001671910285949707
            },
            "(105, 133)": {
                "intercept": -0.0037063956260681152,
                "slope": 0.00013393163681030273
            },
            "(133, 189)": {
                "intercept": 0.002913564443588257,
                "slope": 8.415750094822474e-05
            },
            "(189, 201)": {
                "intercept": 0.006506383419036865,
                "slope": 6.514787673950195e-05
            },
            "(201, 233)": {
                "intercept": 0.021080702543258667,
                "slope": -7.361173629760742e-06
            },
            "(233, 289)": {
                "intercept": -0.020571040255682814,
                "slope": 0.00017140167100088938
            },
            "(289, 301)": {
                "intercept": 0.0017244021097819022,
                "slope": 9.42548116048177e-05
            },
            "(301, 389)": {
                "intercept": 0.01721264828335155,
                "slope": 4.279884425076571e-05
            },
            "(33, 41)": {
                "intercept": 0.007422536611557007,
                "slope": -1.963973045349121e-05
            },
            "(389, 401)": {
                "intercept": -0.1012910008430481,
                "slope": 0.00034743547439575195
            },
            "(401, 489)": {
                "intercept": 0.03343067927794023,
                "slope": 1.1471184817227451e-05
            },
            "(41, 89)": {
                "intercept": 0.003258114059766134,
                "slope": 8.193155129750569e-05
            },
            "(489, 501)": {
                "intercept": -0.2601310610771179,
                "slope": 0.0006118019421895345
            },
            "(5, 9)": {
                "intercept": 0.024038732051849365,
                "slope": -0.0021449923515319824
            },
            "(501, 601)": {
                "intercept": 0.015548675060272216,
                "slope": 6.154298782348633e-05
            },
            "(601, 701)": {
                "intercept": 0.02116992473602295,
                "slope": 5.218982696533203e-05
            },
            "(701, 801)": {
                "intercept": 0.013745946884155272,
                "slope": 6.278038024902344e-05
            },
            "(801, 901)": {
                "intercept": 0.019859001636505128,
                "slope": 5.514860153198242e-05
            },
            "(89, 101)": {
                "intercept": 0.007025857766469319,
                "slope": 3.959735234578451e-05
            },
            "(9, 33)": {
                "intercept": 0.003968566656112671,
                "slope": 8.502602577209473e-05
            },
            "(901, 1003)": {
                "intercept": 0.02721856832504272,
                "slope": 4.698038101196289e-05
            }
        },
        "max_model_len": 2048,
        "max_num_batched_tokens": 1024,
        "max_num_seqs": 1003,
        "model": "neuralmagic/Llama-3.2-1B-Instruct-FP8",
        "model_name": "llama-1b_L40S",
        "num_gpu_blocks": 140302,
        "num_watermark_blocks": 1403,
        "uses_cuda": true
    },
    "input_token_upper_limit": 1024,
    "max_model_len": 2048,
    "max_num_batched_tokens": 1024,
    "max_num_seqs": 1003,
    "model": "neuralmagic/Llama-3.2-1B-Instruct-FP8",
    "model_name": "llama-1b_L40S",
    "no_cuda_profile": {
        "block_size": 16,
        "input_token_upper_limit": 1003,
        "intervals": {
            "(0, 1)": {
                "intercept": 0.003809213638305664,
                "slope": 0
            },
            "(1, 5)": {
                "intercept": 0.0014330744743347168,
                "slope": 0.0023761391639709473
            },
            "(101, 105)": {
                "intercept": 0.027911484241485596,
                "slope": -0.0001671910285949707
            },
            "(105, 133)": {
                "intercept": -0.0037063956260681152,
                "slope": 0.00013393163681030273
            },
            "(133, 189)": {
                "intercept": 0.002913564443588257,
                "slope": 8.415750094822474e-05
            },
            "(189, 201)": {
                "intercept": 0.006506383419036865,
                "slope": 6.514787673950195e-05
            },
            "(201, 233)": {
                "intercept": 0.021080702543258667,
                "slope": -7.361173629760742e-06
            },
            "(233, 289)": {
                "intercept": -0.020571040255682814,
                "slope": 0.00017140167100088938
            },
            "(289, 301)": {
                "intercept": 0.0017244021097819022,
                "slope": 9.42548116048177e-05
            },
            "(301, 389)": {
                "intercept": 0.01721264828335155,
                "slope": 4.279884425076571e-05
            },
            "(33, 41)": {
                "intercept": 0.007422536611557007,
                "slope": -1.963973045349121e-05
            },
            "(389, 401)": {
                "intercept": -0.1012910008430481,
                "slope": 0.00034743547439575195
            },
            "(401, 489)": {
                "intercept": 0.03343067927794023,
                "slope": 1.1471184817227451e-05
            },
            "(41, 89)": {
                "intercept": 0.003258114059766134,
                "slope": 8.193155129750569e-05
            },
            "(489, 501)": {
                "intercept": -0.2601310610771179,
                "slope": 0.0006118019421895345
            },
            "(5, 9)": {
                "intercept": 0.024038732051849365,
                "slope": -0.0021449923515319824
            },
            "(501, 601)": {
                "intercept": 0.015548675060272216,
                "slope": 6.154298782348633e-05
            },
            "(601, 701)": {
                "intercept": 0.02116992473602295,
                "slope": 5.218982696533203e-05
            },
            "(701, 801)": {
                "intercept": 0.013745946884155272,
                "slope": 6.278038024902344e-05
            },
            "(801, 901)": {
                "intercept": 0.019859001636505128,
                "slope": 5.514860153198242e-05
            },
            "(89, 101)": {
                "intercept": 0.007025857766469319,
                "slope": 3.959735234578451e-05
            },
            "(9, 33)": {
                "intercept": 0.003968566656112671,
                "slope": 8.502602577209473e-05
            },
            "(901, 1003)": {
                "intercept": 0.02721856832504272,
                "slope": 4.698038101196289e-05
            }
        },
        "max_model_len": 2048,
        "max_num_batched_tokens": 1024,
        "max_num_seqs": 1003,
        "model": "neuralmagic/Llama-3.2-1B-Instruct-FP8",
        "model_name": "llama-1b_L40S",
        "num_gpu_blocks": 140302,
        "num_watermark_blocks": 1403,
        "uses_cuda": true
    },
    "num_gpu_blocks": 140302,
    "num_watermark_blocks": 1403
}