{
    "relative_sim_error_tgt": [
        1.565706154269807,
        -1.7604121627430014,
        -1.781656569792253,
        1.3720308780845505,
        -1.2422104491834616,
        -5.735402542660132,
        -5.689769778273839,
        -5.058237189498774
    ],
    "relative_baseline_calc_error_tgt": [
        127.42078333701046,
        124.31311523980415,
        93.12925308856543,
        103.76764014819219,
        118.68387892920525,
        74.96083581791902,
        -75.23677253447677,
        -7.611359652149709
    ],
    "relative_baseline_sim_error_tgt": [
        124.4880976811698,
        128.69563028481917,
        100.35307584681566,
        116.39747731700685,
        125.88221396910875,
        86.6894213160244,
        -6.889087444705441,
        19.87142278200856
    ]
}