{"accs": [0.851125, 0.849, 0.8454375, 0.8439375, 0.8418125, 0.835875, 0.8354375, 0.832375, 0.830375, 0.8275625, 0.8256875, 0.8200625, 0.819, 0.8165625, 0.8145625, 0.812875, 0.812875, 0.812875, 0.812875, 0.812875, 0.812875, 0.812875, 0.812875],
  "flops": [244278675920000, 87972090881280, 87225058689280, 46744782357504, 32632881816064, 12974005490176, 12137769278464, 9716301142784, 8155931535360, 6689491858944, 4761482808064, 3183383762816, 2402311671808, 1623096720000, 1486307120000, 1342720000000, 1342720000000, 1342720000000, 1342720000000, 1342720000000, 1342720000000, 1342720000000, 1342720000000],
  "ensembles": [["base", "tiny3"], ["mini", "base"], ["tiny3", "base"], ["small", "medium"], ["tiny1", "small", "base", "tiny2"], ["tiny2", "small"], ["tiny1", "small"], ["tiny4", "small", "tiny3"], ["tiny1", "small", "mini", "tiny2"], ["tiny2", "tiny4", "small"], ["tiny3", "mini"], ["tiny1", "mini", "tiny2"], ["tiny4", "mini"], ["tiny4", "tiny3", "tiny1"], ["tiny3", "tiny4"], ["tiny3"], ["tiny3"], ["tiny3"], ["tiny3"], ["tiny3"], ["tiny3"], ["tiny3"], ["tiny3"]],
  "threshs": [[0.5, 0.09999999999999999], [0.5, 0.3], [0.5, 0.3], [0.5, 0.19999999999999998], [0.5, 0.3, 0.19999999999999998, 0.19999999999999998], [0.5, 0.3], [0.5, 0.3], [0.5, 0.19999999999999998, 0.09999999999999999], [0.5, 0.19999999999999998, 0.09999999999999999, 0.19999999999999998], [0.5, 0.19999999999999998, 0.19999999999999998], [0.5, 0.3], [0.5, 0.19999999999999998, 0.19999999999999998], [0.5, 0.09999999999999999], [0.5, 0.09999999999999999, 0.3], [0.5, 0.09999999999999999], [0.5], [0.5], [0.5], [0.5], [0.5], [0.5], [0.5], [0.5]]
}