{
  "accs": [0.8526875, 0.8515625, 0.851125, 0.851, 0.8506875, 0.8501875, 0.8501875, 0.85, 0.849, 0.849, 0.8481875, 0.84775, 0.8440625, 0.844, 0.8428125, 0.8418125, 0.840125, 0.838125, 0.8375625, 0.8375625, 0.8355625, 0.8324375, 0.831, 0.8249375, 0.819625, 0.8155, 0.8130625, 0.8130625, 0.812875, 0.812875, 0.812875, 0.812875, 0.812875, 0.812875, 0.812875, 0.812875, 0.812875, 0.812875, 0.812875, 0.812875, 0.812875, 0.812875, 0.812875, 0.812875, 0.812875, 0.812875, 0.812875, 0.812875, 0.812875, 0.812875, 0.812875, 0.812875, 0.812875, 0.812875, 0.812875, 0.812875, 0.812875, 0.812875, 0.812875, 0.812875, 0.812875, 0.812875],
  "runtime": [0.000567172226297413, 0.0005666165267403318, 0.0005651615463967629, 0.0005620399147446549, 0.000560023980575346, 0.0005593083484347108, 0.0005593083484347108, 0.00021017148295504026, 0.0002075032907472206, 0.0002075032907472206, 0.00012992395703309264, 0.00010394867608245314, 8.157983308189568e-05, 6.975377768026106e-05, 4.277704682946264e-05, 4.0852433651685465e-05, 3.214497062564547e-05, 3.105085876583957e-05, 3.010049694776427e-05, 3.010049694776427e-05, 2.694826215506208e-05, 2.3054045617584024e-05, 2.2409247636798174e-05, 2.004626631736878e-05, 1.993678605556607e-05, 1.8494685173034343e-05, 1.846028906106912e-05, 1.846028906106912e-05, 1.66769027709934e-05, 1.66769027709934e-05, 1.66769027709934e-05, 1.66769027709934e-05, 1.66769027709934e-05, 1.66769027709934e-05, 1.66769027709934e-05, 1.66769027709934e-05, 1.66769027709934e-05, 1.66769027709934e-05, 1.66769027709934e-05, 1.66769027709934e-05, 1.66769027709934e-05, 1.66769027709934e-05, 1.66769027709934e-05, 1.66769027709934e-05, 1.66769027709934e-05, 1.66769027709934e-05, 1.66769027709934e-05, 1.66769027709934e-05, 1.66769027709934e-05, 1.66769027709934e-05, 1.66769027709934e-05, 1.66769027709934e-05, 1.66769027709934e-05, 1.66769027709934e-05, 1.66769027709934e-05, 1.66769027709934e-05, 1.66769027709934e-05, 1.66769027709934e-05, 1.66769027709934e-05, 1.66769027709934e-05, 1.66769027709934e-05, 1.66769027709934e-05],
  "ensembles": [["base", "medium", "small"], ["base", "tiny4", "medium", "small"], ["base", "medium"], ["base", "small"], ["base", "tiny3", "tiny4", "mini", "tiny1"], ["base", "tiny1"], ["base", "tiny1"], ["mini", "base", "small"], ["mini", "base"], ["mini", "base"], ["mini", "small", "base"], ["small", "base"], ["tiny3", "small", "base"], ["small", "tiny3", "base"], ["small", "medium", "mini", "tiny2"], ["small", "medium"], ["tiny3", "small", "medium"], ["small", "tiny4", "tiny3", "medium"], ["small", "tiny3"], ["small", "tiny3"], ["tiny4", "small"], ["tiny3", "small"], ["tiny2", "small"], ["tiny3", "small", "tiny1"], ["tiny2", "small", "tiny3"], ["tiny4", "tiny3"], ["tiny3", "tiny2"], ["tiny3", "tiny2"], ["tiny3"], ["tiny3"], ["tiny3"], ["tiny3"], ["tiny3"], ["tiny3"], ["tiny3"], ["tiny3"], ["tiny3"], ["tiny3"], ["tiny3"], ["tiny3"], ["tiny3"], ["tiny3"], ["tiny3"], ["tiny3"], ["tiny3"], ["tiny3"], ["tiny3"], ["tiny3"], ["tiny3"], ["tiny3"], ["tiny3"], ["tiny3"], ["tiny3"], ["tiny3"], ["tiny3"], ["tiny3"], ["tiny3"], ["tiny3"], ["tiny3"], ["tiny3"], ["tiny3"], ["tiny3"]],
  "threshs": [[0.5, 0.19999999999999998, 0.19999999999999998], [0.5, 0.19999999999999998, 0.3, 0.19999999999999998], [0.5, 0.19999999999999998], [0.5, 0.19999999999999998], [0.5, 0.09999999999999999, 0.09999999999999999, 0.19999999999999998, 0.19999999999999998], [0.5, 0.09999999999999999], [0.5, 0.09999999999999999], [0.5, 0.3, 0.19999999999999998], [0.5, 0.3], [0.5, 0.3], [0.5, 0.3, 0.3], [0.5, 0.19999999999999998], [0.5, 0.3, 0.19999999999999998], [0.5, 0.19999999999999998, 0.19999999999999998], [0.5, 0.3, 0.09999999999999999, 0.09999999999999999], [0.5, 0.3], [0.5, 0.3, 0.19999999999999998], [0.5, 0.09999999999999999, 0.09999999999999999, 0.19999999999999998], [0.5, 0.09999999999999999], [0.5, 0.09999999999999999], [0.5, 0.3], [0.5, 0.19999999999999998], [0.5, 0.19999999999999998], [0.5, 0.09999999999999999, 0.09999999999999999], [0.5, 0.09999999999999999, 0.19999999999999998], [0.5, 0.09999999999999999], [0.5, 0.09999999999999999], [0.5, 0.09999999999999999], [0.5], [0.5], [0.5], [0.5], [0.5], [0.5], [0.5], [0.5], [0.5], [0.5], [0.5], [0.5], [0.5], [0.5], [0.5], [0.5], [0.5], [0.5], [0.5], [0.5], [0.5], [0.5], [0.5], [0.5], [0.5], [0.5], [0.5], [0.5], [0.5], [0.5], [0.5], [0.5], [0.5], [0.5]]
}