{
  "accs": [0.8516875, 0.85125, 0.8511875, 0.851125, 0.851125, 0.848625, 0.848625, 0.848625, 0.848625, 0.848625, 0.848625, 0.848625, 0.848625, 0.848625, 0.848625, 0.848625, 0.848625, 0.848625, 0.848625, 0.848625, 0.848625, 0.848625, 0.848625, 0.8485625, 0.8485, 0.8479375, 0.84775, 0.8475625, 0.843625, 0.842875, 0.84225, 0.8406875, 0.8405625, 0.840125, 0.839, 0.83675, 0.8338125, 0.832375, 0.832375, 0.832375, 0.831, 0.831, 0.82825, 0.8256875, 0.8249375, 0.8249375, 0.8249375, 0.8246875, 0.823125, 0.820125, 0.81875, 0.8184375, 0.8181875, 0.8155, 0.8145625, 0.812875, 0.812875, 0.812875, 0.812875, 0.812875, 0.812875, 0.812875, 0.812875, 0.812875, 0.812875, 0.812875, 0.812875],
  "runtime": [0.38610822138437445, 0.3855737493737891, 0.3801042865287718, 0.37693129797736785, 0.37693129797736785, 0.376630909442857, 0.376630909442857, 0.376630909442857, 0.376630909442857, 0.376630909442857, 0.376630909442857, 0.376630909442857, 0.376630909442857, 0.376630909442857, 0.376630909442857, 0.376630909442857, 0.376630909442857, 0.376630909442857, 0.376630909442857, 0.376630909442857, 0.376630909442857, 0.376630909442857, 0.376630909442857, 0.24727009659602173, 0.2061702486030555, 0.1596839129427898, 0.11975308658743783, 0.11160365311155764, 0.0955850149690795, 0.08794421133768665, 0.08671037374319085, 0.08269600554732415, 0.06093336111217101, 0.043041174686403304, 0.038346967570041426, 0.026372058478006544, 0.021115105959925634, 0.020821205015186653, 0.020821205015186653, 0.020821205015186653, 0.017454533237814755, 0.017454533237814755, 0.014703181260820998, 0.013370063952652734, 0.012720421509740206, 0.012720421509740206, 0.012720421509740206, 0.012648217904862882, 0.009770700829622983, 0.0090429292015701, 0.007960289493498668, 0.007778204517957748, 0.006908676207509983, 0.006108654676077093, 0.00572678292229531, 0.005173537731168613, 0.005173537731168613, 0.005173537731168613, 0.005173537731168613, 0.005173537731168613, 0.005173537731168613, 0.005173537731168613, 0.005173537731168613, 0.005173537731168613, 0.005173537731168613, 0.005173537731168613, 0.005173537731168613],
  "ensembles": [["base", "small", "mini", "tiny4"], ["base", "small", "tiny1"], ["base", "tiny4", "small", "mini"], ["base", "tiny3"], ["base", "tiny3"], ["base"], ["base"], ["base"], ["base"], ["base"], ["base"], ["base"], ["base"], ["base"], ["base"], ["base"], ["base"], ["base"], ["base"], ["base"], ["base"], ["base"], ["base"], ["medium", "base"], ["medium", "base"], ["small", "medium", "base"], ["small", "base"], ["small", "mini", "base"], ["small", "tiny4", "base", "tiny2"], ["small", "medium", "tiny4"], ["tiny3", "tiny4", "mini", "base"], ["small", "tiny3", "medium", "base", "tiny1"], ["tiny2", "small", "base", "tiny4"], ["tiny3", "small", "medium"], ["tiny1", "small", "medium", "mini", "tiny2"], ["tiny1", "small", "mini"], ["tiny1", "mini", "small", "medium"], ["tiny4", "small"], ["tiny4", "small"], ["tiny4", "small"], ["tiny1", "small"], ["tiny1", "small"], ["tiny4", "tiny1", "small"], ["tiny3", "mini"], ["tiny4", "small"], ["tiny4", "small"], ["tiny4", "small"], ["tiny4", "tiny3", "small"], ["tiny2", "mini"], ["tiny3", "tiny2", "tiny4", "small"], ["tiny4", "tiny2", "mini"], ["tiny4", "tiny1", "tiny3", "mini"], ["tiny4", "tiny3", "tiny2", "mini"], ["tiny3", "tiny2", "tiny1"], ["tiny3", "tiny4"], ["tiny3"], ["tiny3"], ["tiny3"], ["tiny3"], ["tiny3"], ["tiny3"], ["tiny3"], ["tiny3"], ["tiny3"], ["tiny3"], ["tiny3"], ["tiny3"]],
  "threshs": [[0.5, 0.19999999999999998, 0.09999999999999999, 0.19999999999999998], [0.5, 0.19999999999999998, 0.09999999999999999], [0.5, 0.09999999999999999, 0.3, 0.19999999999999998], [0.5, 0.09999999999999999], [0.5, 0.09999999999999999], [0.5], [0.5], [0.5], [0.5], [0.5], [0.5], [0.5], [0.5], [0.5], [0.5], [0.5], [0.5], [0.5], [0.5], [0.5], [0.5], [0.5], [0.5], [0.5, 0.3], [0.5, 0.19999999999999998], [0.5, 0.3, 0.3], [0.5, 0.19999999999999998], [0.5, 0.19999999999999998, 0.3], [0.5, 0.19999999999999998, 0.19999999999999998, 0.09999999999999999], [0.5, 0.19999999999999998, 0.09999999999999999], [0.5, 0.3, 0.3, 0.3], [0.5, 0.19999999999999998, 0.09999999999999999, 0.19999999999999998, 0.09999999999999999], [0.5, 0.3, 0.19999999999999998, 0.3], [0.5, 0.3, 0.19999999999999998], [0.5, 0.3, 0.19999999999999998, 0.19999999999999998, 0.19999999999999998], [0.5, 0.3, 0.09999999999999999], [0.5, 0.19999999999999998, 0.3, 0.09999999999999999], [0.5, 0.19999999999999998], [0.5, 0.19999999999999998], [0.5, 0.19999999999999998], [0.5, 0.19999999999999998], [0.5, 0.19999999999999998], [0.5, 0.19999999999999998, 0.19999999999999998], [0.5, 0.3], [0.5, 0.09999999999999999], [0.5, 0.09999999999999999], [0.5, 0.09999999999999999], [0.5, 0.09999999999999999, 0.3], [0.5, 0.19999999999999998], [0.5, 0.09999999999999999, 0.3, 0.09999999999999999], [0.5, 0.09999999999999999, 0.3], [0.5, 0.09999999999999999, 0.3, 0.19999999999999998], [0.5, 0.09999999999999999, 0.09999999999999999, 0.3], [0.5, 0.09999999999999999, 0.19999999999999998], [0.5, 0.09999999999999999], [0.5], [0.5], [0.5], [0.5], [0.5], [0.5], [0.5], [0.5], [0.5], [0.5], [0.5], [0.5]]
}