{
  "accs": [0.851125, 0.8506875, 0.8505625, 0.8503125, 0.848625, 0.848625, 0.848625, 0.848625, 0.848625, 0.848625, 0.848625, 0.8485, 0.8484375, 0.8481875, 0.8480625, 0.8433125, 0.837125, 0.8348125, 0.8348125, 0.8348125, 0.8348125, 0.8348125, 0.8346875, 0.8338125, 0.8324375, 0.8324375, 0.82225, 0.821625, 0.821375, 0.8161875, 0.813125, 0.812875, 0.812875, 0.812875, 0.812875],
  "runtime": [0.007622214317321777, 0.0075940340459346774, 0.007564619675278664, 0.007371276244521141, 0.007277488708496094, 0.007277488708496094, 0.007277488708496094, 0.007277488708496094, 0.007277488708496094, 0.007277488708496094, 0.007277488708496094, 0.006361946165561676, 0.00549588318169117, 0.004374310433864594, 0.004124766826629639, 0.0031402508318424224, 0.0028734605759382246, 0.002772808074951172, 0.002772808074951172, 0.002772808074951172, 0.002772808074951172, 0.002772808074951172, 0.0025904478132724763, 0.002526245057582855, 0.0022237439453601836, 0.0022237439453601836, 0.002050116941332817, 0.0018774895370006562, 0.0018542672693729401, 0.0017913520336151124, 0.0017545033246278764, 0.001615285873413086, 0.001615285873413086, 0.001615285873413086, 0.001615285873413086],
  "ensembles": [["base", "medium", "tiny3"], ["base", "tiny3", "small", "medium", "tiny1"], ["base", "tiny4", "medium", "small", "tiny2", "tiny1"], ["base", "tiny2"], ["base"], ["base"], ["base"], ["base"], ["base"], ["base"], ["base"], ["medium", "base"], ["mini", "medium", "base", "tiny1", "small", "tiny3"], ["small", "base"], ["small", "base", "medium"], ["tiny2", "small", "base"], ["small", "tiny2"], ["small"], ["small"], ["small"], ["small"], ["small"], ["tiny3", "small"], ["tiny1", "small", "tiny2", "base", "medium"], ["tiny3", "small"], ["tiny3", "small"], ["tiny1", "medium"], ["tiny2", "small"], ["tiny1", "small"], ["tiny4", "tiny1"], ["tiny1", "tiny4"], ["tiny3"], ["tiny3"], ["tiny3"], ["tiny3"]],
  "threshs": [[0.5, 0.09999999999999999, 0.19999999999999998], [0.5, 0.09999999999999999, 0.3, 0.19999999999999998, 0.3], [0.5, 0.09999999999999999, 0.19999999999999998, 0.09999999999999999, 0.3, 0.19999999999999998], [0.5, 0.09999999999999999], [0.5], [0.5], [0.5], [0.5], [0.5], [0.5], [0.5], [0.5, 0.19999999999999998], [0.5, 0.3, 0.19999999999999998, 0.09999999999999999, 0.3, 0.3], [0.5, 0.3], [0.5, 0.19999999999999998, 0.3], [0.5, 0.3, 0.19999999999999998], [0.5, 0.09999999999999999], [0.5], [0.5], [0.5], [0.5], [0.5], [0.5, 0.3], [0.5, 0.19999999999999998, 0.19999999999999998, 0.19999999999999998, 0.09999999999999999], [0.5, 0.19999999999999998], [0.5, 0.19999999999999998], [0.5, 0.09999999999999999], [0.5, 0.09999999999999999], [0.5, 0.09999999999999999], [0.5, 0.09999999999999999], [0.5, 0.09999999999999999], [0.5], [0.5], [0.5], [0.5]]
}