{"accs": [0.851875, 0.85175, 0.8514375, 0.851375, 0.85125, 0.8509375, 0.849625, 0.8485625, 0.8485, 0.84225, 0.8411875, 0.837625, 0.8375625, 0.837125, 0.837125, 0.835875, 0.83375, 0.832375, 0.832375, 0.831, 0.8271875, 0.825875, 0.8253125, 0.818125, 0.8161875, 0.8161875, 0.8151875, 0.8151875, 0.8151875, 0.812875, 0.812875, 0.812875, 0.812875, 0.812875, 0.812875, 0.812875, 0.812875, 0.812875, 0.812875, 0.812875, 0.812875], "runtime": [0.007996820136904717, 0.0077812145054340365, 0.007565967082977295, 0.0075204037129879, 0.0074384848773479464, 0.007395707443356514, 0.007095227062702179, 0.006650318205356598, 0.00378494231402874, 0.003219090059399605, 0.003087185576558113, 0.003023978978395462, 0.0029620492607355118, 0.0028734605759382246, 0.0028734605759382246, 0.002490280121564865, 0.0024765997678041457, 0.0022419404983520506, 0.0022419404983520506, 0.0021622222661972046, 0.0021319001019001007, 0.0020013979971408844, 0.0019118030369281768, 0.0018511233180761337, 0.0017913520336151124, 0.0017913520336151124, 0.0017880205065011977, 0.0017880205065011977, 0.0017880205065011977, 0.001615285873413086, 0.001615285873413086, 0.001615285873413086, 0.001615285873413086, 0.001615285873413086, 0.001615285873413086, 0.001615285873413086, 0.001615285873413086, 0.001615285873413086, 0.001615285873413086, 0.001615285873413086, 0.001615285873413086], "ensembles": [["base", "tiny4", "medium", "small"], ["base", "small", "medium", "tiny3"], ["base", "tiny2", "small", "mini", "medium"], ["base", "tiny2", "small", "mini"], ["base", "small"], ["base", "tiny3", "tiny1"], ["medium", "small", "base", "tiny4", "tiny2"], ["medium", "base", "small"], ["small", "base", "tiny3"], ["small", "medium", "base"], ["small", "medium"], ["small", "mini", "tiny4"], ["small", "tiny4", "mini"], ["small", "tiny2"], ["small", "tiny2"], ["tiny2", "small"], ["tiny2", "small", "medium"], ["tiny4", "small"], ["tiny4", "small"], ["tiny2", "small"], ["tiny3", "small", "medium", "mini", "tiny4", "tiny1"], ["tiny4", "small", "medium"], ["tiny3", "small"], ["tiny1", "mini"], ["tiny4", "tiny1"], ["tiny4", "tiny1"], ["tiny3", "tiny1"], ["tiny3", "tiny1"], ["tiny3", "tiny1"], ["tiny3"], ["tiny3"], ["tiny3"], ["tiny3"], ["tiny3"], ["tiny3"], ["tiny3"], ["tiny3"], ["tiny3"], ["tiny3"], ["tiny3"], ["tiny3"]], "threshs": [[0.5, 0.19999999999999998, 0.3, 0.09999999999999999], [0.5, 0.19999999999999998, 0.09999999999999999, 0.19999999999999998], [0.5, 0.09999999999999999, 0.19999999999999998, 0.3, 0.3], [0.5, 0.09999999999999999, 0.3, 0.19999999999999998], [0.5, 0.09999999999999999], [0.5, 0.09999999999999999, 0.09999999999999999], [0.5, 0.3, 0.3, 0.09999999999999999, 0.3], [0.5, 0.19999999999999998, 0.3], [0.5, 0.19999999999999998, 0.09999999999999999], [0.5, 0.09999999999999999, 0.09999999999999999], [0.5, 0.09999999999999999], [0.5, 0.09999999999999999, 0.3], [0.5, 0.09999999999999999, 0.19999999999999998], [0.5, 0.09999999999999999], [0.5, 0.09999999999999999], [0.5, 0.3], [0.5, 0.19999999999999998, 0.19999999999999998], [0.5, 0.19999999999999998], [0.5, 0.19999999999999998], [0.5, 0.19999999999999998], [0.5, 0.09999999999999999, 0.19999999999999998, 0.09999999999999999, 0.09999999999999999, 0.09999999999999999], [0.5, 0.09999999999999999, 0.09999999999999999], [0.5, 0.09999999999999999], [0.5, 0.09999999999999999], [0.5, 0.09999999999999999], [0.5, 0.09999999999999999], [0.5, 0.09999999999999999], [0.5, 0.09999999999999999], [0.5, 0.09999999999999999], [0.5], [0.5], [0.5], [0.5], [0.5], [0.5], [0.5], [0.5], [0.5], [0.5], [0.5], [0.5]]}