{
    "block_size": 16,
    "cuda_profile": {
        "block_size": 16,
        "input_token_upper_limit": 1003,
        "intervals": {
            "(0, 1)": {
                "intercept": 0.006311178207397461,
                "slope": 0
            },
            "(1, 5)": {
                "intercept": 0.005959570407867432,
                "slope": 0.0003516077995300293
            },
            "(101, 105)": {
                "intercept": 0.02832239866256714,
                "slope": -0.00013273954391479492
            },
            "(105, 133)": {
                "intercept": -0.004869043827056885,
                "slope": 0.00018336943217686245
            },
            "(133, 189)": {
                "intercept": 0.007032841444015503,
                "slope": 9.388157299586705e-05
            },
            "(189, 201)": {
                "intercept": 0.014878034591674805,
                "slope": 5.237261454264323e-05
            },
            "(201, 233)": {
                "intercept": 0.021195270121097565,
                "slope": 2.094358205795288e-05
            },
            "(233, 289)": {
                "intercept": -0.02427043233598982,
                "slope": 0.00021607535226004465
            },
            "(289, 301)": {
                "intercept": 0.005297144254048661,
                "slope": 0.00011376539866129558
            },
            "(301, 389)": {
                "intercept": 0.02073102376677773,
                "slope": 6.249005144292659e-05
            },
            "(33, 41)": {
                "intercept": 0.007221579551696777,
                "slope": 6.473064422607422e-05
            },
            "(389, 401)": {
                "intercept": -0.08481856187184653,
                "slope": 0.0003338257471720378
            },
            "(401, 489)": {
                "intercept": 0.04036064039577138,
                "slope": 2.1658160469748758e-05
            },
            "(41, 89)": {
                "intercept": 0.0058756619691848755,
                "slope": 9.75579023361206e-05
            },
            "(489, 501)": {
                "intercept": -0.24150621891021729,
                "slope": 0.0005980730056762695
            },
            "(5, 9)": {
                "intercept": 0.00806272029876709,
                "slope": -6.902217864990234e-05
            },
            "(501, 601)": {
                "intercept": 0.012403774261474605,
                "slope": 9.126663208007813e-05
            },
            "(601, 701)": {
                "intercept": 0.0010394787788391147,
                "slope": 0.00011017560958862305
            },
            "(701, 801)": {
                "intercept": 0.01663451194763184,
                "slope": 8.792877197265625e-05
            },
            "(801, 901)": {
                "intercept": -1.6578345012664792,
                "slope": 0.002178401947021484
            },
            "(89, 101)": {
                "intercept": 0.011907676855723063,
                "slope": 2.9782454172770183e-05
            },
            "(9, 33)": {
                "intercept": 0.006722956895828247,
                "slope": 7.984042167663574e-05
            },
            "(901, 1003)": {
                "intercept": 2.132896566390991,
                "slope": -0.0020288467407226563
            }
        },
        "max_model_len": 2048,
        "max_num_batched_tokens": 1024,
        "max_num_seqs": 1003,
        "model": "neuralmagic/Llama-3.2-3B-Instruct-FP8",
        "model_name": "llama-3b_L40S",
        "num_gpu_blocks": 38913,
        "num_watermark_blocks": 389,
        "uses_cuda": true
    },
    "input_token_upper_limit": 1024,
    "max_model_len": 2048,
    "max_num_batched_tokens": 1024,
    "max_num_seqs": 1003,
    "model": "neuralmagic/Llama-3.2-3B-Instruct-FP8",
    "model_name": "llama-3b_L40S",
    "no_cuda_profile": {
        "block_size": 16,
        "input_token_upper_limit": 1024,
        "intervals": {
            "(0, 1)": {
                "intercept": 0.00680232048034668,
                "slope": 0
            },
            "(1, 2)": {
                "intercept": -0.0020599365234375,
                "slope": 0.00886225700378418
            },
            "(102, 152)": {
                "intercept": 0.016275815963745117,
                "slope": -2.0503997802734375e-07
            },
            "(152, 202)": {
                "intercept": 0.01691725730895996,
                "slope": -4.425048828125e-06
            },
            "(2, 52)": {
                "intercept": 0.015674552917480468,
                "slope": -4.987716674804688e-06
            },
            "(202, 252)": {
                "intercept": 0.015981979370117187,
                "slope": 2.0503997802734375e-07
            },
            "(252, 302)": {
                "intercept": -0.055728874206542975,
                "slope": 0.0002847719192504883
            },
            "(302, 352)": {
                "intercept": 0.0892883014678955,
                "slope": -0.00019541740417480468
            },
            "(352, 402)": {
                "intercept": 0.011675996780395508,
                "slope": 2.507209777832031e-05
            },
            "(402, 452)": {
                "intercept": 0.013617801666259765,
                "slope": 2.0241737365722658e-05
            },
            "(452, 502)": {
                "intercept": 0.013947563171386719,
                "slope": 1.9512176513671876e-05
            },
            "(502, 552)": {
                "intercept": -0.017369508743286133,
                "slope": 8.189678192138672e-05
            },
            "(52, 102)": {
                "intercept": 0.014541893005371094,
                "slope": 1.6794204711914062e-05
            },
            "(552, 602)": {
                "intercept": 0.014095106124877929,
                "slope": 2.4895668029785157e-05
            },
            "(602, 652)": {
                "intercept": -0.028205461502075195,
                "slope": 9.516239166259765e-05
            },
            "(652, 702)": {
                "intercept": -0.10965447425842287,
                "slope": 0.00022008419036865235
            },
            "(702, 752)": {
                "intercept": 0.17384325981140136,
                "slope": -0.00018375873565673828
            },
            "(752, 802)": {
                "intercept": -0.003464555740356444,
                "slope": 5.2022933959960935e-05
            },
            "(802, 852)": {
                "intercept": 0.01919020652770996,
                "slope": 2.3775100708007812e-05
            },
            "(852, 902)": {
                "intercept": -0.0055879116058349595,
                "slope": 5.2857398986816404e-05
            },
            "(902, 952)": {
                "intercept": 0.021224966049194337,
                "slope": 2.3131370544433593e-05
            },
            "(952, 1024)": {
                "intercept": 0.020544042587280275,
                "slope": 2.384662628173828e-05
            }
        },
        "max_model_len": 2048,
        "max_num_batched_tokens": 1024,
        "max_num_seqs": 1003,
        "model": "neuralmagic/Llama-3.2-3B-Instruct-FP8",
        "model_name": "llama-3b_L40S",
        "num_gpu_blocks": 38913,
        "num_watermark_blocks": 389,
        "uses_cuda": false
    },
    "num_gpu_blocks": 38913,
    "num_watermark_blocks": 389
}