{
    "block_size": 16,
    "cuda_profile": {
        "block_size": 16,
        "input_token_upper_limit": 2000,
        "intervals": {
            "(0, 1)": {
                "intercept": 0.014163732528686523,
                "slope": 0
            },
            "(1, 101)": {
                "intercept": 0.013874313831329345,
                "slope": 0.00028941869735717775
            },
            "(1001, 1101)": {
                "intercept": -0.04545732498168942,
                "slope": 0.0003046607971191406
            },
            "(101, 201)": {
                "intercept": 0.02262002944946289,
                "slope": 0.00020282745361328126
            },
            "(1101, 1201)": {
                "intercept": -0.045662074089050264,
                "slope": 0.0003048467636108398
            },
            "(1201, 1301)": {
                "intercept": -0.015782420635223393,
                "slope": 0.0002799677848815918
            },
            "(1301, 1401)": {
                "intercept": 0.09106927156448363,
                "slope": 0.00019783735275268554
            },
            "(1401, 1501)": {
                "intercept": -1.6528188300132753,
                "slope": 0.0014425826072692871
            },
            "(1501, 1601)": {
                "intercept": 1.7909284520149231,
                "slope": -0.0008517193794250488
            },
            "(1601, 1701)": {
                "intercept": -0.16492118120193477,
                "slope": 0.0003699231147766113
            },
            "(1701, 1801)": {
                "intercept": 0.07577274560928343,
                "slope": 0.000228421688079834
            },
            "(1801, 2000)": {
                "intercept": -0.03728613138198844,
                "slope": 0.00029119729995727536
            },
            "(201, 301)": {
                "intercept": 0.012339773178100588,
                "slope": 0.00025397300720214844
            },
            "(301, 401)": {
                "intercept": 0.017372581958770755,
                "slope": 0.00023725271224975586
            },
            "(401, 501)": {
                "intercept": 0.03813817262649537,
                "slope": 0.00018546819686889648
            },
            "(501, 601)": {
                "intercept": 0.006109464168548601,
                "slope": 0.00024939775466918944
            },
            "(601, 701)": {
                "intercept": -0.009248311519622798,
                "slope": 0.0002749514579772949
            },
            "(701, 801)": {
                "intercept": -1.7556246161460876,
                "slope": 0.0027662158012390138
            },
            "(801, 901)": {
                "intercept": 2.2133329963684085,
                "slope": -0.0021887874603271486
            },
            "(901, 1001)": {
                "intercept": 0.07659902334213259,
                "slope": 0.0001827263832092285
            }
        },
        "max_model_len": 2048,
        "max_num_batched_tokens": 2048,
        "max_num_seqs": 2000,
        "model": "/home/gridsan/swang2/model_weights/Llama-3.2-3B-Instruct",
        "model_name": "Llama-3.2-3B-Instruct_1-V100",
        "num_gpu_blocks": 7814,
        "num_watermark_blocks": 78,
        "uses_cuda": true
    },
    "input_token_upper_limit": 2048,
    "max_model_len": 2048,
    "max_num_batched_tokens": 2048,
    "max_num_seqs": 2000,
    "model": "/home/gridsan/swang2/model_weights/Llama-3.2-3B-Instruct",
    "model_name": "Llama-3.2-3B-Instruct_1-V100",
    "no_cuda_profile": {
        "block_size": 16,
        "input_token_upper_limit": 2048,
        "intervals": {
            "(0, 1)": {
                "intercept": 0.017120838165283203,
                "slope": 0
            },
            "(1, 2)": {
                "intercept": -0.024779319763183594,
                "slope": 0.0419001579284668
            },
            "(1002, 1052)": {
                "intercept": -0.7549413394927978,
                "slope": 0.0008681392669677734
            },
            "(102, 152)": {
                "intercept": 0.12278055191040038,
                "slope": -0.00041031360626220704
            },
            "(1052, 1102)": {
                "intercept": 0.7028785037994385,
                "slope": -0.0005176210403442383
            },
            "(1102, 1152)": {
                "intercept": 0.09892433166503906,
                "slope": 3.0431747436523438e-05
            },
            "(1152, 1202)": {
                "intercept": 0.02119056701660156,
                "slope": 9.790897369384766e-05
            },
            "(1202, 1252)": {
                "intercept": 0.043601055145263676,
                "slope": 7.926464080810546e-05
            },
            "(1252, 1302)": {
                "intercept": -0.19921083450317384,
                "slope": 0.0002732038497924805
            },
            "(1302, 1352)": {
                "intercept": -0.664507064819336,
                "slope": 0.0006305742263793946
            },
            "(1352, 1402)": {
                "intercept": 0.8846553039550781,
                "slope": -0.0005152559280395508
            },
            "(1402, 1452)": {
                "intercept": -0.07178435325622559,
                "slope": 0.00016694068908691407
            },
            "(1452, 1502)": {
                "intercept": 0.004701490402221675,
                "slope": 0.00011426448822021484
            },
            "(1502, 1552)": {
                "intercept": -0.10252222061157223,
                "slope": 0.00018565177917480468
            },
            "(152, 202)": {
                "intercept": 0.0345689582824707,
                "slope": 0.00017002582550048828
            },
            "(1552, 1602)": {
                "intercept": 0.061436138153076164,
                "slope": 8.000850677490234e-05
            },
            "(1602, 1652)": {
                "intercept": -0.8784044933319091,
                "slope": 0.0006666755676269531
            },
            "(1652, 1702)": {
                "intercept": 0.720626630783081,
                "slope": -0.0003012609481811523
            },
            "(1702, 1752)": {
                "intercept": 0.07135704040527344,
                "slope": 8.021354675292969e-05
            },
            "(1752, 1802)": {
                "intercept": -0.024632568359374996,
                "slope": 0.00013500213623046875
            },
            "(1802, 1852)": {
                "intercept": 0.11753209114074707,
                "slope": 5.610942840576172e-05
            },
            "(1852, 1902)": {
                "intercept": 0.11649886131286621,
                "slope": 5.666732788085938e-05
            },
            "(1902, 1952)": {
                "intercept": -1.3677698612213136,
                "slope": 0.0008370399475097657
            },
            "(1952, 2048)": {
                "intercept": 1.2723212337493897,
                "slope": -0.0005154657363891602
            },
            "(2, 52)": {
                "intercept": 0.05900832176208496,
                "slope": 6.337165832519531e-06
            },
            "(202, 252)": {
                "intercept": 0.1078750991821289,
                "slope": -0.00019287586212158204
            },
            "(252, 302)": {
                "intercept": 0.0416436767578125,
                "slope": 6.99472427368164e-05
            },
            "(302, 352)": {
                "intercept": 0.08376940727233886,
                "slope": -6.954193115234375e-05
            },
            "(352, 402)": {
                "intercept": 0.04912417411804199,
                "slope": 2.888202667236328e-05
            },
            "(402, 452)": {
                "intercept": -0.13530895233154297,
                "slope": 0.0004876708984375
            },
            "(452, 502)": {
                "intercept": 0.2961850547790527,