{
    "block_size": 16,
    "cuda_profile": {
        "block_size": 16,
        "input_token_upper_limit": 2000,
        "intervals": {
            "(0, 1)": {
                "intercept": 0.006203889846801758,
                "slope": 0
            },
            "(1, 101)": {
                "intercept": 0.00602463960647583,
                "slope": 0.00017925024032592774
            },
            "(1001, 1101)": {
                "intercept": 0.007409951686859151,
                "slope": 0.0001712822914123535
            },
            "(101, 201)": {
                "intercept": 0.008331530094146729,
                "slope": 0.00015640974044799804
            },
            "(1101, 1201)": {
                "intercept": 0.031748845577239976,
                "slope": 0.00014917612075805665
            },
            "(1201, 1301)": {
                "intercept": -0.14223177194595338,
                "slope": 0.000294039249420166
            },
            "(1301, 1401)": {
                "intercept": 0.08747703313827515,
                "slope": 0.0001174759864807129
            },
            "(1401, 1501)": {
                "intercept": 0.021984863281250017,
                "slope": 0.00016422271728515624
            },
            "(1501, 1601)": {
                "intercept": -0.059150581359863286,
                "slope": 0.0002182769775390625
            },
            "(1601, 1701)": {
                "intercept": 0.007942259311676025,
                "slope": 0.00017637014389038086
            },
            "(1701, 1801)": {
                "intercept": -0.05194125413894651,
                "slope": 0.00021157503128051757
            },
            "(1801, 2000)": {
                "intercept": -0.02802412748336791,
                "slope": 0.00019829511642456056
            },
            "(201, 301)": {
                "intercept": 0.0053761720657348605,
                "slope": 0.00017111301422119142
            },
            "(301, 401)": {
                "intercept": 0.0005608081817626981,
                "slope": 0.00018711090087890624
            },
            "(401, 501)": {
                "intercept": 0.020421967506408692,
                "slope": 0.00013758182525634764
            },
            "(501, 601)": {
                "intercept": 0.0090027666091919,
                "slope": 0.00016037464141845702
            },
            "(601, 701)": {
                "intercept": -0.005545423030853286,
                "slope": 0.00018458127975463868
            },
            "(701, 801)": {
                "intercept": -0.017127630710601804,
                "slope": 0.00020110368728637696
            },
            "(801, 901)": {
                "intercept": 0.0007665657997131536,
                "slope": 0.00017876386642456054
            },
            "(901, 1001)": {
                "intercept": 0.008386058807373031,
                "slope": 0.00017030715942382814
            }
        },
        "max_model_len": 2048,
        "max_num_batched_tokens": 2048,
        "max_num_seqs": 2000,
        "model": "/home/gridsan/swang2/model_weights/Llama-3.2-1B-Instruct",
        "model_name": "Llama-3.2-1B-Instruct_1-V100",
        "num_gpu_blocks": 34930,
        "num_watermark_blocks": 349,
        "uses_cuda": true
    },
    "input_token_upper_limit": 2048,
    "max_model_len": 2048,
    "max_num_batched_tokens": 2048,
    "max_num_seqs": 2000,
    "model": "/home/gridsan/swang2/model_weights/Llama-3.2-1B-Instruct",
    "model_name": "Llama-3.2-1B-Instruct_1-V100",
    "no_cuda_profile": {
        "block_size": 16,
        "input_token_upper_limit": 2048,
        "intervals": {
            "(0, 1)": {
                "intercept": 0.0073926448822021484,
                "slope": 0
            },
            "(1, 2)": {
                "intercept": -0.020206928253173828,
                "slope": 0.027599573135375977
            },
            "(1002, 1052)": {
                "intercept": -0.015829448699951176,
                "slope": 6.0143470764160154e-05
            },
            "(102, 152)": {
                "intercept": 0.06980228424072266,
                "slope": -0.00022673606872558594
            },
            "(1052, 1102)": {
                "intercept": -0.32679656982421873,
                "slope": 0.00035573959350585936
            },
            "(1102, 1152)": {
                "intercept": 0.4678575706481934,
                "slope": -0.00036536216735839845
            },
            "(1152, 1202)": {
                "intercept": 0.004069728851318358,
                "slope": 3.72314453125e-05
            },
            "(1202, 1252)": {
                "intercept": 0.013131361007690426,
                "slope": 2.9692649841308595e-05
            },
            "(1252, 1302)": {
                "intercept": -0.06529057502746581,
                "slope": 9.232997894287109e-05
            },
            "(1302, 1352)": {
                "intercept": -0.004485311508178706,
                "slope": 4.562854766845703e-05
            },
            "(1352, 1402)": {
                "intercept": -0.47888880729675287,
                "slope": 0.0003965187072753906
            },
            "(1402, 1452)": {
                "intercept": 0.5334529685974121,
                "slope": -0.00032555103302001954
            },
            "(1452, 1502)": {
                "intercept": 0.027152271270751954,
                "slope": 2.3140907287597657e-05
            },
            "(1502, 1552)": {
                "intercept": -0.04507744789123534,
                "slope": 7.122993469238281e-05
            },
            "(152, 202)": {
                "intercept": 0.028436203002929688,
                "slope": 4.5409202575683596e-05
            },
            "(1552, 1602)": {
                "intercept": 0.04953810691833496,
                "slope": 1.0266304016113282e-05
            },
            "(1602, 1652)": {
                "intercept": 0.03581094741821289,
                "slope": 1.8835067749023438e-05
            },
            "(1652, 1702)": {
                "intercept": -0.7004140472412109,
                "slope": 0.0004644918441772461
            },
            "(1702, 1752)": {
                "intercept": 0.7544267177581787,
                "slope": -0.0003902912139892578
            },
            "(1752, 1802)": {
                "intercept": 0.021221494674682616,
                "slope": 2.8204917907714843e-05
            },
            "(1802, 1852)": {
                "intercept": 0.03981589317321778,
                "slope": 1.7886161804199218e-05
            },
            "(1852, 1902)": {
                "intercept": -0.06708365440368652,
                "slope": 7.56072998046875e-05
            },
            "(1902, 1952)": {
                "intercept": -0.1488809585571289,
                "slope": 0.00011861324310302734
            },
            "(1952, 2048)": {
                "intercept": -0.6578999710083008,
                "slope": 0.0003793811798095703
            },
            "(2, 52)": {
                "intercept": 0.03499228477478027,
                "slope": -3.337860107421875e-08
            },
            "(202, 252)": {
                "intercept": 0.046178550720214845,
                "slope": -4.242420196533203e-05
            },
            "(252, 302)": {
                "intercept": 0.03608125686645508,
                "slope": -2.3555755615234377e-06
            },
            "(302, 352)": {
                "intercept": 0.0399132251739502,
                "slope": -1.5044212341308594e-05
            },
            "(352, 402)": {
                "intercept": 0.02614140510559082,
                "slope": 2.4080276489257812e-05
            },
            "(402, 452)": {
                "intercept": 0.035902185440063475,
                "slope": -2.002716064453125e-07
            },
            "(452, 502)": {
                "intercept": -0.08578843116760254,