{
    "5_sequential_100_in": {
        "ttft": {
            "mean": 1.333406470829548,
            "stdev": 0.5830688236521767,
            "relative_sim_error": [
                0.36469344608879495,
                1.3394136981552225,
                1.8809070567411414,
                1.674203344428384,
                1.407814808734198
            ],
            "abs_sim_error": [
                0.0001316070556640625,
                0.00047898292541503906,
                0.00067138671875,
                0.0006020069122314453,
                0.0004088878631591797
            ]
        },
        "tgt": {
            "mean": 1.565706154269807,
            "stdev": 0.1734444659998859,
            "relative_sim_error": [
                1.4835543323008287,
                1.5628315170218923,
                1.7578151419643702,
                1.7004937893616339,
                1.32383599070031
            ],
            "abs_sim_error": [
                0.0023055076599121094,
                0.002318143844604492,
                0.0024785995483398438,
                0.0022776126861572266,
                0.0016820430755615234
            ]
        }
    },
    "5_sequential_1000_in": {
        "ttft": {
            "mean": -3.362133075055734,
            "stdev": 5.124473711449148,
            "relative_sim_error": [
                0.8910682925622696,
                -12.27811724603279,
                -1.4494136748399036,
                -1.8962503908348232,
                -2.077952356133423
            ],
            "abs_sim_error": [
                0.0010306835174560547,
                -0.021778583526611328,
                -0.002860546112060547,
                -0.004511356353759766,
                -0.0051424503326416016
            ]
        },
        "tgt": {
            "mean": -1.7604121627430014,
            "stdev": 0.34863629811392516,
            "relative_sim_error": [
                -1.514017377302956,
                -2.376715080700317,
                -1.6367832870757184,
                -1.6416635136809559,
                -1.63288155495506
            ],
            "abs_sim_error": [
                -0.03881049156188965,
                -0.06105399131774902,
                -0.04144716262817383,
                -0.04128599166870117,
                -0.04077315330505371
            ]
        }
    },
    "10_sequential_1000_in": {
        "ttft": {
            "mean": -3.083915382980442,
            "stdev": 3.4214009669664773,
            "relative_sim_error": [
                0.8470001648261085,
                -12.221247841267962,
                -1.4078464264219261,
                -1.802861828741668,
                -2.031848040721024,
                -2.380914986339748,
                -2.5751280829815837,
                -2.876320995018123,
                -3.066691079212771,
                -3.3232947139257227
            ],
            "abs_sim_error": [
                0.0009801387786865234,
                -0.021663665771484375,
                -0.0027773380279541016,
                -0.004285097122192383,
                -0.005647420883178711,
                -0.007590055465698242,
                -0.009253740310668945,
                -0.011520147323608398,
                -0.013537406921386719,
                -0.015020132064819336
            ]
        },
        "tgt": {
            "mean": -1.781656569792253,
            "stdev": 0.20936225979657555,
            "relative_sim_error": [
                -1.6274837197837888,
                -2.3702807167002535,
                -1.7324267108740798,
                -1.7309168903628196,
                -1.7221185780656882,
                -1.7277232550640675,
                -1.7215180319655063,
                -1.74709423470239,
                -1.7201488733928862,
                -1.7168546870110497
            ],
            "abs_sim_error": [
                -0.04905271530151367,
                -0.07161545753479004,
                -0.051729440689086914,
                -0.05140328407287598,
                -0.050852298736572266,
                -0.05072832107543945,
                -0.05024838447570801,
                -0.050705909729003906,
                -0.04960942268371582,
                -0.0492093563079834
            ]
        }
    },
    "5_concurrent_100_in": {
        "ttft": {
            "mean": -1.7818848464382475,
            "stdev": 0.2580371286317002,
            "relative_sim_error": [
                -1.9026418928127464,
                -1.8969697220008013,
                -1.8949437877398625,
                -1.8945385908465742,
                -1.3203302387912537
            ],
            "abs_sim_error": [
                -0.0010983943939208984,
                -0.0010950565338134766,
                -0.0010938644409179688,
                -0.0010936260223388672,
                -0.0009067058563232422
            ]
        },
        "tgt": {
            "mean": 1.3720308780845505,
            "stdev": 0.06674353799329139,
            "relative_sim_error": [
                1.4776478573411902,
                1.3913121212308035,
                1.3549137579058463,
                1.3279052644874294,
                1.3083753894574832
            ],
            "abs_sim_error": [
                0.002283811569213867,
                0.0021522045135498047,
                0.0020966529846191406,
                0.0020554065704345703,
                0.002164602279663086
            ]
        }
    },
    "5_concurrent_1000_in": {
        "ttft": {
            "mean": -0.446592359209108,
            "stdev": 0.7767161612062861,
            "relative_sim_error": [
                0.7490243540977128,
                -0.15690267750380324,
                -0.638226606985171,
                -0.9789403410815075,
                -1.207916524572771
            ],
            "abs_sim_error": [
                0.0008676052093505859,
                -0.0003056526184082031,
                -0.0017490386962890625,
                -0.003461122512817383,
                -0.004864215850830078
            ]
        },
        "tgt": {
            "mean": -1.2422104491834616,
            "stdev": 0.0053023820845742925,
            "relative_sim_error": [
                -1.2405426171928267,
                -1.2462081392908422,
                -1.2485602754737857,
                -1.2406732020915299,
                -1.2350680118683233
            ],
            "abs_sim_error": [
                -0.03171086311340332,
                -0.03213620185852051,
                -0.032474517822265625,
                -0.03253960609436035,
                -0.03266000747680664
            ]
        }
    },
    "10_concurrent_1000_in": {
        "ttft": {
            "mean": -1.0333353539163004,
            "stdev": 0.9941967990319883,
            "relative_sim_error": [
                0.9468322059066161,
                0.04341262473464953,
                -0.38733929910862247,
                -0.7786817952385812,
                -1.1313505914291255,
                -1.3930232612197553,
                -1.6324949125210864,
                -1.8604858521058463,
                -2.0953602736797095,
                -2.0448623845015437
            ],
            "abs_sim_error": [
                0.0010945796966552734,
                8.440017700195312e-05,
                -0.001058816909790039,
                -0.0027475357055664062,
                -0.004896402359008789,
                -0.007143974304199219,
                -0.009683609008789062,
                -0.01253652572631836,
                -0.015818119049072266,
                -0.0163726806640625
            ]
        },
        "tgt": {
            "mean": -5.735402542660132,
            "stdev": 0.06355037268895922,