{
  "0": 0.15275509655475616,
  "1": 0.21446840465068817,
  "2": 0.330282598733902,
  "3": 0.2858608067035675,
  "4": 0.20626702904701233,
  "5": 0.37770289182662964,
  "6": 0.30163848400115967,
  "7": 0.32768553495407104,
  "8": 0.3114522099494934,
  "9": 0.1263769418001175,
  "10": 0.3003348708152771,
  "11": 0.29994574189186096,
  "12": 0.20796933770179749,
  "13": 0.11224620789289474,
  "14": 0.11212582141160965,
  "15": 0.8509300351142883,
  "16": 0.39357665181159973,
  "17": 0.16835950314998627,
  "18": 0.25821927189826965,
  "19": 0.28274962306022644,
  "20": 0.5240471363067627,
  "21": 0.2116558700799942,
  "22": 0.2575715184211731,
  "23": 0.36618679761886597,
  "24": 0.5551522970199585,
  "25": 0.18636466562747955,
  "26": 0.2778169810771942,
  "27": 0.08987744897603989,
  "28": 0.3887881636619568,
  "29": 0.29249274730682373,
  "30": 0.22371888160705566,
  "31": 0.2375575602054596,
  "32": 0.0988328829407692,
  "33": 0.10787852108478546,
  "34": 0.07049243152141571,
  "35": 0.30224472284317017,
  "36": 0.1437951773405075,
  "37": 0.5674984455108643,
  "38": 0.0795179232954979,
  "39": 0.17586341500282288,
  "40": 0.2578987777233124,
  "41": 0.57346111536026,
  "42": 0.3553619682788849,
  "43": 0.3008309304714203,
  "44": 0.19690872728824615,
  "45": 0.07224734127521515,
  "46": 0.24081340432167053,
  "47": 0.28308919072151184,
  "48": 0.22451496124267578,
  "49": 0.17608903348445892,
  "50": 0.4802510142326355,
  "51": 0.7145884037017822,
  "52": 0.3338508605957031,
  "53": 0.5825689435005188,
  "54": 0.29572901129722595,
  "55": 0.17238175868988037,
  "56": 0.20828676223754883,
  "57": 0.2693141996860504,
  "58": 0.11784303188323975,
  "59": 0.4151042699813843,
  "60": 0.6991260051727295,
  "61": 0.3113414943218231,
  "62": 0.308848112821579,
  "63": 0.778612494468689,
  "64": 0.3208184540271759,
  "65": 0.6457780003547668,
  "66": 0.10094065219163895,
  "67": 0.14165078103542328,
  "68": 0.9037076830863953,
  "69": 0.7932354807853699,
  "70": 0.277741402387619,
  "71": 0.5041261315345764,
  "72": 0.2949528098106384,
  "73": 0.1618252694606781,
  "74": 0.39221060276031494,
  "75": 0.5975070595741272,
  "76": 0.5223365426063538,
  "77": 0.492275208234787,
  "78": 0.6031779646873474,
  "79": 0.4191857576370239,
  "80": 0.40180471539497375,
  "81": 0.20209017395973206,
  "82": 0.39711794257164,
  "83": 0.5035027265548706,
  "84": 0.6812854409217834,
  "85": 0.3342796862125397,
  "86": 0.28892141580581665,
  "87": 0.06396740674972534,
  "88": 0.47750961780548096,
  "89": 0.4282058775424957,
  "90": 0.27232301235198975,
  "91": 0.15795479714870453,
  "92": 0.19507411122322083,
  "93": 0.35291334986686707,
  "94": 0.2722081243991852,
  "95": 0.3677661716938019,
  "96": 0.7047393321990967,
  "97": 0.4150090515613556,
  "98": 0.14984580874443054,
  "99": 0.09550319612026215,
  "100": 0.4355369806289673,
  "101": 0.4088982939720154,
  "102": 0.2616996765136719,
  "103": 0.39356717467308044,
  "104": 0.1789705902338028,
  "105": 0.5083587765693665,
  "106": 0.18980708718299866,
  "107": 0.1587132215499878,
  "108": 0.20617856085300446,
  "109": 0.17303889989852905,
  "110": 0.26697179675102234,
  "111": 0.8800978064537048,
  "112": 0.8194332122802734,
  "113": 0.27630698680877686,
  "114": 0.34676462411880493,
  "115": 0.5136396884918213,
  "116": 0.23121826350688934,
  "117": 0.6559029817581177,
  "118": 0.2538684010505676,
  "119": 0.472677618265152,
  "120": 0.1680331975221634,
  "121": 0.3813636600971222,
  "122": 0.58269202709198,
  "123": 0.3423836827278137,
  "124": 0.41555503010749817,
  "125": 0.4722091853618622,
  "126": 0.2416541427373886,
  "127": 0.22176696360111237,
  "128": 0.6570054888725281,
  "129": 0.4445353150367737,
  "130": 0.781549334526062,
  "131": 0.4722440540790558,
  "132": 0.6210363507270813,
  "133": 0.30213117599487305,
  "134": 0.31634628772735596,
  "135": 0.3884425461292267,
  "136": 0.3904606103897095,
  "137": 0.745495080947876,
  "138": 0.4814438223838806,
  "139": 0.4848741590976715,
  "140": 0.25631141662597656,
  "141": 0.18124112486839294,
  "142": 0.0618167482316494,
  "143": 0.5328627824783325,
  "144": 0.2142326831817627,
  "145": 0.49448904395103455,
  "146": 0.23780569434165955,
  "147": 0.3984413146972656,
  "148": 0.21465270221233368,
  "149": 0.14719130098819733,
  "150": 0.2348656803369522,
  "151": 0.20565563440322876,
  "152": 0.2519869804382324,
  "153": 0.31303682923316956,
  "154": 0.6564764380455017,
  "155": 0.12206773459911346,
  "156": 0.7738767266273499,
  "157": 0.3596131205558777,
  "158": 0.2823508679866791,
  "159": 0.48304256796836853
}