{
  "0": 0.6434926882386207,
  "1": 0.4962333768606186,
  "2": 0.7468033581972122,
  "3": 0.4444506347179413,
  "4": 0.5236020080745221,
  "5": 0.6009766727685928,
  "6": 0.9634112179279327,
  "7": 0.6953684285283088,
  "8": 0.6292437747120857,
  "9": 0.933818131685257,
  "10": 0.7726600944995881,
  "11": 0.714178915321827,
  "12": 0.8141600549221039,
  "13": 0.7187412589788437,
  "14": 0.6771960347890854,
  "15": 0.8158193737268448,
  "16": 0.7813699662685394,
  "17": 0.587018483877182,
  "18": 0.6859588623046875,
  "19": 0.6081212848424912,
  "20": 0.6803811892867089,
  "21": 0.7332035839557648,
  "22": 0.6129351712763309,
  "24": 0.6155136123299598,
  "27": 0.5349404722452163,
  "28": 0.5682156071066856,
  "29": 0.6421881660819053,
  "30": 0.7572410225868225,
  "31": 0.8676681220531464,
  "32": 0.5949823394417763,
  "33": 0.7509247750043869,
  "35": 0.7135598063468933,
  "36": 0.6750813364982605,
  "37": 0.6892765700817108,
  "38": 0.8933377742767334,
  "39": 0.9384732902050018,
  "40": 0.7324192523956299,
  "41": 0.777347269654274,
  "42": 0.8038557946681977,
  "43": 0.4925032570958138,
  "44": 0.5613193839788437,
  "45": 0.7436853423714638,
  "46": 0.8186596095561981,
  "47": 0.7201403334736824,
  "48": 0.5603754416108131,
  "49": 0.47515315264463426,
  "50": 0.8752510845661163,
  "51": 0.9041050374507904,
  "53": 0.9020371675491333,
  "54": 0.8251941710710525,
  "56": 0.8395883202552795,
  "58": 0.8268330276012421,
  "59": 0.7666057020425796,
  "60": 0.9085553824901581,
  "61": 0.6696165204048157,
  "62": 0.8603274464607239,
  "63": 0.7524606227874756,
  "64": 0.6205624967813492,
  "65": 0.8245863012969494,
  "66": 0.5346307441592216,
  "67": 0.5342479147017002,
  "68": 0.9012667298316955,
  "69": 0.8410672068595886,
  "70": 0.8076877593994141,
  "71": 0.7525993108749389,
  "72": 0.7470183789730072,
  "73": 0.755008727312088,
  "74": 0.7801908016204834,
  "75": 0.6699257224798203,
  "76": 0.5045940719544888,
  "77": 0.6336865365505219,
  "78": 0.5180798918008804,
  "79": 0.7194086223840713,
  "80": 0.7438874661922454,
  "81": 0.5634782701730728,
  "82": 0.811051869392395,
  "83": 0.7284159421920776,
  "84": 0.8723964542150497,
  "85": 0.6400062724947929,
  "86": 0.6680572301149368,
  "87": 0.6284621238708497,
  "88": 0.7094827979803086,
  "89": 0.9684695124626159,
  "90": 0.8099530726671219,
  "91": 0.6806241035461426,
  "92": 0.5934277474880219,
  "93": 0.9122843682765961,
  "94": 0.8588202387094498,
  "95": 0.708197271823883,
  "96": 0.7753004431724548,
  "97": 0.6030454725027085,
  "98": 0.625666706264019,
  "99": 0.6740811467170715,
  "100": 0.9676931738853455,
  "101": 0.7516476839780808,
  "102": 0.7022601157426834,
  "104": 0.7929422616958618,
  "105": 0.6598070368170739,
  "106": 0.7881491184234619,
  "107": 0.6979056373238564,
  "108": 0.784448179602623,
  "109": 0.6993774965405464,
  "110": 0.6601539254188538,
  "111": 0.8328467041254044,
  "112": 0.6993522226810456,
  "113": 0.7858484506607055,
  "115": 0.641694974899292,
  "116": 0.7550183415412903,
  "117": 0.7676126778125762,
  "118": 0.7621808528900147,
  "119": 0.9910432517528533,
  "120": 0.9640265941619873,
  "121": 0.9712462663650513,
  "122": 0.8736325770616531,
  "123": 0.4259812369942665,
  "124": 0.7795317798852921,
  "125": 0.7900631308555603,
  "126": 0.9047918140888214,
  "127": 0.8765563189983367,
  "128": 0.765579491853714,
  "129": 0.9075875282287598,
  "130": 0.7193486392498016,
  "131": 0.886845263838768,
  "132": 0.7100079476833343,
  "133": 0.8368107199668884,
  "134": 0.6276330634951591,
  "135": 0.7789772547781467,
  "136": 0.8398308008909225,
  "137": 0.8735369205474853,
  "138": 0.8394313633441925,
  "139": 0.8809265673160553,
  "140": 0.734999805688858,
  "141": 0.7838051497936249,
  "142": 0.9089838624000549,
  "143": 0.9300426185131073,
  "144": 0.7303929477930069,
  "145": 0.9694779098033905,
  "146": 0.7479184567928314,
  "147": 0.8036224961280822,
  "148": 0.6803024530410766,
  "149": 0.7158162876963615,
  "150": 0.6790210425853729,
  "151": 0.6095560938119888,
  "152": 0.8694408476352692,
  "153": 0.9594160914421082,
  "154": 0.9754679560661316,
  "155": 0.8677880138158798,
  "156": 0.6622685626149177,
  "157": 0.5884863987565041,
  "158": 0.6090347558259964,
  "159": 0.5667695432901383
}