{
  "0": 0.16066764295101166,
  "1": 0.18712210655212402,
  "2": 0.13770925998687744,
  "3": 0.4122818410396576,
  "4": 0.336622953414917,
  "5": 0.5503931641578674,
  "6": 0.7274685502052307,
  "7": 0.3058418035507202,
  "8": 0.3765500783920288,
  "9": 0.611721932888031,
  "10": 0.43211227655410767,
  "11": 0.0961877703666687,
  "12": 0.48231184482574463,
  "13": 0.392674058675766,
  "14": 0.29267820715904236,
  "15": 0.3543289303779602,
  "16": 0.4769737422466278,
  "17": 0.3263111412525177,
  "18": 0.3476863503456116,
  "19": 0.38788294792175293,
  "20": 0.6049187183380127,
  "21": 0.30542153120040894,
  "22": 0.11256439983844757,
  "23": 0.8936477303504944,
  "24": 0.6669573187828064,
  "25": 0.24644704163074493,
  "26": 0.5637589693069458,
  "27": 0.2808782756328583,
  "28": 0.2873663008213043,
  "29": 0.1918235719203949,
  "30": 0.2100335657596588,
  "31": 0.8946909308433533,
  "32": 0.2284093201160431,
  "33": 0.20478706061840057,
  "34": 0.2957122027873993,
  "35": 0.2090558409690857,
  "36": 0.401570200920105,
  "37": 0.4840677082538605,
  "38": 0.9586278200149536,
  "39": 0.7656020522117615,
  "40": 0.5691301226615906,
  "41": 0.17840097844600677,
  "42": 0.24467822909355164,
  "43": 0.5449537634849548,
  "44": 0.07883618772029877,
  "45": 0.1217614933848381,
  "46": 0.7146269679069519,
  "47": 0.2211822122335434,
  "48": 0.20579034090042114,
  "49": 0.15229372680187225,
  "50": 0.7940818667411804,
  "51": 0.5642048716545105,
  "52": 0.6223049759864807,
  "53": 0.3149462938308716,
  "54": 0.8792232871055603,
  "55": 0.9218642711639404,
  "56": 0.5394952297210693,
  "57": 0.5436460375785828,
  "58": 0.2952946126461029,
  "59": 0.3038783371448517,
  "60": 0.8347663283348083,
  "61": 0.27760016918182373,
  "62": 0.8351205587387085,
  "63": 0.6538487076759338,
  "64": 0.503632128238678,
  "65": 0.13077746331691742,
  "66": 0.262617290019989,
  "67": 0.26321330666542053,
  "68": 0.9687291383743286,
  "69": 0.4558515250682831,
  "70": 0.5583611726760864,
  "71": 0.39352142810821533,
  "72": 0.46371880173683167,
  "73": 0.2915213704109192,
  "74": 0.7994047403335571,
  "75": 0.5059409141540527,
  "76": 0.5819950699806213,
  "77": 0.15109556913375854,
  "78": 0.23444680869579315,
  "79": 0.4298456907272339,
  "80": 0.5111745595932007,
  "81": 0.20009350776672363,
  "82": 0.8269609212875366,
  "83": 0.5594578385353088,
  "84": 0.7040725350379944,
  "85": 0.5252273082733154,
  "86": 0.38427671790122986,
  "87": 0.30066370964050293,
  "88": 0.8529238700866699,
  "89": 0.9014424681663513,
  "90": 0.9718487858772278,
  "91": 0.19330072402954102,
  "92": 0.20984745025634766,
  "93": 0.5870108604431152,
  "94": 0.9323884844779968,
  "95": 0.40331974625587463,
  "96": 0.3366866707801819,
  "97": 0.9577507972717285,
  "98": 0.338469535112381,
  "99": 0.2812391221523285,
  "100": 0.6397504210472107,
  "101": 0.7781103253364563,
  "102": 0.5176478624343872,
  "103": 0.39941728115081787,
  "104": 0.5666472911834717,
  "105": 0.4759606122970581,
  "106": 0.5057535767555237,
  "107": 0.09422976523637772,
  "108": 0.44579797983169556,
  "109": 0.15532493591308594,
  "110": 0.3530578017234802,
  "111": 0.820614218711853,
  "112": 0.5234102010726929,
  "113": 0.18803143501281738,
  "114": 0.8886154294013977,
  "115": 0.31469327211380005,
  "116": 0.37392622232437134,
  "117": 0.43962106108665466,
  "118": 0.4033462405204773,
  "119": 0.27862221002578735,
  "120": 0.5179644227027893,
  "121": 0.39374294877052307,
  "122": 0.47684696316719055,
  "123": 0.3741554319858551,
  "124": 0.2701103687286377,
  "125": 0.4482300877571106,
  "126": 0.5799875259399414,
  "127": 0.5879390835762024,
  "128": 0.3986762464046478,
  "129": 0.6516199111938477,
  "130": 0.6131966710090637,
  "131": 0.9430861473083496,
  "132": 0.5929227471351624,
  "133": 0.31495437026023865,
  "134": 0.5163397192955017,
  "135": 0.8861640691757202,
  "136": 0.9318713545799255,
  "137": 0.630318284034729,
  "138": 0.2645648419857025,
  "139": 0.8322800993919373,
  "140": 0.5427565574645996,
  "141": 0.25983527302742004,
  "142": 0.21926596760749817,
  "143": 0.6827238202095032,
  "144": 0.28472763299942017,
  "145": 0.5089871287345886,
  "146": 0.3153918385505676,
  "147": 0.3966957926750183,
  "148": 0.4321800470352173,
  "149": 0.11604513972997665,
  "150": 0.22840115427970886,
  "151": 0.41167494654655457,
  "152": 0.5344696044921875,
  "153": 0.10588008165359497,
  "154": 0.5206852555274963,
  "155": 0.13531124591827393,
  "156": 0.6440815925598145,
  "157": 0.40158408880233765,
  "158": 0.5775242447853088,
  "159": 0.43687912821769714
}