{
  "0": 0.48940503150224685,
  "1": 0.2971967622637749,
  "2": 0.6442270144820214,
  "3": 0.27411244958639147,
  "4": 0.3712182715535164,
  "5": 0.42889263331890104,
  "6": 0.954676765203476,
  "7": 0.5945081226527691,
  "8": 0.5004077851772308,
  "9": 0.9115067780017853,
  "10": 0.7079539328813553,
  "11": 0.6343766316771507,
  "12": 0.7556146651506424,
  "13": 0.5668926805257797,
  "14": 0.5492341160774231,
  "15": 0.7287204921245575,
  "16": 0.655991941690445,
  "17": 0.47597086280584333,
  "18": 0.5810316279530525,
  "19": 0.46567865610122683,
  "20": 0.5066429510712623,
  "21": 0.6055867075920105,
  "22": 0.48348165303468704,
  "24": 0.45412902981042863,
  "27": 0.38611794263124466,
  "28": 0.4049039542675018,
  "29": 0.5209387175738811,
  "30": 0.6413098439574242,
  "31": 0.7690578490495682,
  "32": 0.4368598535656929,
  "33": 0.6759367942810058,
  "35": 0.64114198833704,
  "36": 0.5949806481599808,
  "37": 0.6086387917399406,
  "38": 0.8274503886699677,
  "39": 0.9168156504631042,
  "40": 0.5671996861696244,
  "41": 0.682952655851841,
  "42": 0.7060860604047775,
  "43": 0.2998971626162529,
  "44": 0.45312975272536277,
  "45": 0.613765636831522,
  "46": 0.7473496079444886,
  "47": 0.6064216792583466,
  "48": 0.4059478104114532,
  "49": 0.3135390363633633,
  "50": 0.7958663552999496,
  "51": 0.8524794697761535,
  "53": 0.8630317255854607,
  "54": 0.7460890009999275,
  "56": 0.7471497267484665,
  "58": 0.7302586153149605,
  "59": 0.6490314677357674,
  "60": 0.8590096414089203,
  "61": 0.4938017398118973,
  "62": 0.7716248750686645,
  "63": 0.6390950173139572,
  "64": 0.41654453575611117,
  "65": 0.7758594065904617,
  "66": 0.3828341744840145,
  "67": 0.42729449048638346,
  "68": 0.8370840907096863,
  "69": 0.7638305962085724,
  "70": 0.6839451611042022,
  "71": 0.6732213646173477,
  "72": 0.6795136645436287,
  "73": 0.654969485104084,
  "74": 0.6871397882699967,
  "75": 0.49947568476200105,
  "76": 0.34550314024090767,
  "77": 0.5188904456794262,
  "78": 0.32612733393907545,
  "79": 0.594789233803749,
  "80": 0.5731557875871658,
  "81": 0.40307105183601377,
  "82": 0.7092207551002503,
  "83": 0.6216637760400772,
  "84": 0.8175347998738289,
  "85": 0.46980361863970754,
  "86": 0.530313354730606,
  "87": 0.5319389335811138,
  "88": 0.6066918447613716,
  "89": 0.9498732566833497,
  "90": 0.6997181713581085,
  "91": 0.564957520365715,
  "92": 0.4028256133198738,
  "93": 0.8630819916725159,
  "94": 0.7936155885457993,
  "95": 0.5569771438837051,
  "96": 0.6436192184686661,
  "97": 0.3961408659815788,
  "98": 0.48536152541637423,
  "99": 0.5368510395288467,
  "100": 0.9498804211616516,
  "101": 0.6094998478889465,
  "102": 0.5452917411923408,
  "104": 0.6874839842319489,
  "105": 0.5052949607372283,
  "106": 0.6470095604658127,
  "107": 0.5824740841984749,
  "108": 0.7016278862953186,
  "109": 0.5992902368307114,
  "110": 0.5212315589189529,
  "111": 0.7796617597341537,
  "112": 0.5682554438710212,
  "113": 0.6603314965963364,
  "115": 0.5291048958897591,
  "116": 0.6190720126032829,
  "117": 0.656171090900898,
  "118": 0.5995250970125199,
  "119": 0.9838430523872376,
  "120": 0.9297757685184479,
  "121": 0.9484300136566162,
  "122": 0.793354532122612,
  "123": 0.18439601361751556,
  "124": 0.6425822764635086,
  "125": 0.6863489300012589,
  "126": 0.8558124423027038,
  "127": 0.8335657805204392,
  "128": 0.6288622617721558,
  "129": 0.876241908967495,
  "130": 0.5195540562272072,
  "131": 0.8181300193071366,
  "132": 0.5747885316610336,
  "133": 0.7639924138784409,
  "134": 0.5282621279358863,
  "135": 0.7201322734355926,
  "136": 0.7321974813938141,
  "137": 0.8103589624166488,
  "138": 0.7879775881767273,
  "139": 0.8274762749671936,
  "140": 0.6141166165471077,
  "141": 0.6980129227042198,
  "142": 0.8444758802652359,
  "143": 0.87956862449646,
  "144": 0.5697833463549614,
  "145": 0.9518695950508118,
  "146": 0.6221618190407753,
  "147": 0.6736130803823471,
  "148": 0.5181424751877785,
  "149": 0.5920958027243615,
  "150": 0.5213053032755852,
  "151": 0.44367569535970686,
  "152": 0.8019687056541442,
  "153": 0.9409219801425934,
  "154": 0.9572347521781921,
  "155": 0.7923301666975021,
  "156": 0.5299475103616714,
  "157": 0.44657968580722807,
  "158": 0.4624680995941162,
  "159": 0.4438884317874908
}