{
  "0": 0.11904267966747284,
  "1": 0.16365234553813934,
  "2": 0.45235657691955566,
  "3": 0.21684564650058746,
  "4": 0.1636388897895813,
  "5": 0.5697572827339172,
  "6": 0.5124800205230713,
  "7": 0.4628649950027466,
  "8": 0.8172118663787842,
  "9": 0.43920424580574036,
  "11": 0.11407293379306793,
  "12": 0.36209535598754883,
  "13": 0.39380159974098206,
  "14": 0.17997436225414276,
  "15": 0.325168251991272,
  "16": 0.299367755651474,
  "17": 0.14979703724384308,
  "18": 0.2847902476787567,
  "10": 0.2210010141134262,
  "20": 0.6904873251914978,
  "21": 0.19574952125549316,
  "22": 0.6274278163909912,
  "23": 0.42934945225715637,
  "24": 0.17879000306129456,
  "25": 0.3409269154071808,
  "26": 0.7006798982620239,
  "27": 0.22492368519306183,
  "28": 0.31947341561317444,
  "19": 0.3653000295162201,
  "30": 0.5166900157928467,
  "31": 0.6478374004364014,
  "32": 0.2734064757823944,
  "33": 0.5575866103172302,
  "34": 0.182907372713089,
  "35": 0.3227193355560303,
  "36": 0.43938884139060974,
  "37": 0.8933494091033936,
  "29": 0.3178233802318573,
  "39": 0.14609138667583466,
  "40": 0.2510744631290436,
  "41": 0.21002869307994843,
  "42": 0.13611766695976257,
  "43": 0.41019606590270996,
  "44": 0.11567254364490509,
  "45": 0.1116386204957962,
  "46": 0.4106508493423462,
  "47": 0.17986227571964264,
  "48": 0.3528560400009155,
  "38": 0.2063037008047104,
  "50": 0.47106653451919556,
  "51": 0.9583867788314819,
  "52": 0.4296765923500061,
  "49": 0.2611943483352661,
  "54": 0.2659724950790405,
  "55": 0.4789413511753082,
  "56": 0.49129220843315125,
  "53": 0.5554024577140808,
  "58": 0.3027302622795105,
  "59": 0.5093485713005066,
  "60": 0.44295352697372437,
  "61": 0.3053728938102722,
  "62": 0.44994112849235535,
  "57": 0.4197079837322235,
  "64": 0.2913271188735962,
  "65": 0.251980185508728,
  "66": 0.3952939212322235,
  "67": 0.6142085194587708,
  "68": 0.7234607934951782,
  "69": 0.8116752505302429,
  "70": 0.19647780060768127,
  "71": 0.3581143617630005,
  "72": 0.7269107103347778,
  "73": 0.2598430812358856,
  "63": 0.8248071670532227,
  "75": 0.5506730079650879,
  "76": 0.932178258895874,
  "77": 0.4695450961589813,
  "78": 0.40768879652023315,
  "79": 0.9022834897041321,
  "74": 0.8532671332359314,
  "80": 0.38055965304374695,
  "81": 0.9446361660957336,
  "82": 0.7379253506660461,
  "83": 0.9013692140579224,
  "84": 0.849160373210907,
  "85": 0.7928321957588196,
  "86": 0.5320984721183777,
  "87": 0.24498386681079865,
  "89": 0.3283848762512207,
  "90": 0.3761451244354248,
  "91": 0.276504784822464,
  "92": 0.8941754102706909,
  "93": 0.835449755191803,
  "94": 0.5917527079582214,
  "88": 0.8387706875801086,
  "96": 0.5377539992332458,
  "97": 0.23544979095458984,
  "98": 0.3603064715862274,
  "99": 0.4948555827140808,
  "100": 0.7760292291641235,
  "101": 0.6394994854927063,
  "102": 0.7436572909355164,
  "103": 0.6454522609710693,
  "95": 0.26291781663894653,
  "105": 0.6348811984062195,
  "106": 0.6424044966697693,
  "107": 0.18446624279022217,
  "108": 0.24429483711719513,
  "109": 0.33265000581741333,
  "104": 0.5055907368659973,
  "111": 0.7907580137252808,
  "112": 0.9210551381111145,
  "113": 0.44957396388053894,
  "114": 0.629387617111206,
  "115": 0.27287837862968445,
  "116": 0.2524162828922272,
  "117": 0.9481825232505798,
  "110": 0.5377953052520752,
  "119": 0.33044204115867615,
  "120": 0.6999464631080627,
  "121": 0.49158039689064026,
  "122": 0.9475042819976807,
  "123": 0.4733212888240814,
  "124": 0.2282920479774475,
  "118": 0.21502791345119476,
  "126": 0.53687983751297,
  "127": 0.6201385259628296,
  "128": 0.6804555058479309,
  "129": 0.6175533533096313,
  "130": 0.7042068243026733,
  "131": 0.9949831962585449,
  "125": 0.7046803832054138,
  "133": 0.9112181663513184,
  "134": 0.4671444892883301,
  "132": 0.30576422810554504,
  "136": 0.9595777988433838,
  "137": 0.5320561528205872,
  "135": 0.7088314890861511,
  "139": 0.5793559551239014,
  "140": 0.5862158536911011,
  "141": 0.5247554183006287,
  "142": 0.7966206073760986,
  "143": 0.3307863175868988,
  "144": 0.36332547664642334,
  "138": 0.6112995147705078,
  "146": 0.8278641104698181,
  "147": 0.8344509601593018,
  "148": 0.4907880425453186,
  "149": 0.7541755437850952,
  "150": 0.6100766062736511,
  "151": 0.3536756634712219,
  "152": 0.5144771337509155,
  "153": 0.934831440448761,
  "145": 0.5795512795448303,
  "155": 0.303833931684494,
  "156": 0.8764531016349792,
  "157": 0.9262348413467407,
  "158": 0.8420130610466003,
  "159": 0.9046741127967834,
  "154": 0.9490873217582703
}