{
  "0": 0.18481989204883575,
  "1": 0.4717859923839569,
  "2": 0.3912981152534485,
  "3": 0.14249935746192932,
  "4": 0.13420537114143372,
  "5": 0.3458237946033478,
  "6": 0.43673115968704224,
  "7": 0.38904276490211487,
  "8": 0.566763162612915,
  "9": 0.4655366837978363,
  "10": 0.2624151110649109,
  "11": 0.24851638078689575,
  "12": 0.252180814743042,
  "13": 0.3445541560649872,
  "14": 0.41445088386535645,
  "15": 0.49291980266571045,
  "16": 0.4986340403556824,
  "17": 0.757009744644165,
  "18": 0.20451250672340393,
  "19": 0.18807446956634521,
  "20": 0.4847201704978943,
  "21": 0.25495341420173645,
  "22": 0.26494041085243225,
  "23": 0.9405904412269592,
  "24": 0.49889665842056274,
  "25": 0.3554646074771881,
  "26": 0.9052641987800598,
  "27": 0.22638829052448273,
  "28": 0.3131535053253174,
  "29": 0.4021225869655609,
  "30": 0.24579226970672607,
  "31": 0.16197708249092102,
  "32": 0.10053543001413345,
  "33": 0.2381679117679596,
  "34": 0.30746421217918396,
  "35": 0.1783474236726761,
  "36": 0.18600839376449585,
  "37": 0.2237970530986786,
  "38": 0.6532407999038696,
  "39": 0.2618258595466614,
  "40": 0.3821913003921509,
  "41": 0.2757421135902405,
  "42": 0.17801792919635773,
  "43": 0.7107455730438232,
  "44": 0.13343249261379242,
  "45": 0.279204785823822,
  "46": 0.2848065495491028,
  "47": 0.11040109395980835,
  "48": 0.2587282657623291,
  "49": 0.11606959998607635,
  "50": 0.6576086282730103,
  "51": 0.5905006527900696,
  "52": 0.756598949432373,
  "53": 0.3987025320529938,
  "54": 0.5169596672058105,
  "55": 0.3513082265853882,
  "56": 0.31936103105545044,
  "57": 0.29255643486976624,
  "58": 0.18931086361408234,
  "59": 0.6963480710983276,
  "60": 0.6658424139022827,
  "61": 0.26657119393348694,
  "62": 0.5986043810844421,
  "63": 0.921748161315918,
  "64": 0.3626159131526947,
  "65": 0.2720978260040283,
  "66": 0.17237107455730438,
  "67": 0.6784631609916687,
  "68": 0.9734081029891968,
  "69": 0.651107668876648,
  "70": 0.4193527400493622,
  "71": 0.4080584943294525,
  "72": 0.8345202803611755,
  "73": 0.2085450142621994,
  "74": 0.8706417679786682,
  "75": 0.6422683596611023,
  "76": 0.7600787878036499,
  "77": 0.3614565432071686,
  "78": 0.1849123239517212,
  "79": 0.892957866191864,
  "80": 0.36963313817977905,
  "81": 0.2648433744907379,
  "82": 0.6460254192352295,
  "83": 0.32688412070274353,
  "84": 0.6138750910758972,
  "85": 0.29556697607040405,
  "86": 0.22945749759674072,
  "87": 0.25561508536338806,
  "88": 0.8830790519714355,
  "89": 0.8751970529556274,
  "90": 0.3252747058868408,
  "91": 0.6632274985313416,
  "92": 0.4025678336620331,
  "93": 0.26439937949180603,
  "94": 0.7316067218780518,
  "95": 0.22679629921913147,
  "96": 0.25882354378700256,
  "97": 0.7053309679031372,
  "98": 0.3074894845485687,
  "99": 0.17725303769111633,
  "100": 0.5725840330123901,
  "101": 0.7121080160140991,
  "102": 0.4448479413986206,
  "103": 0.6165245175361633,
  "104": 0.9922439455986023,
  "105": 0.4899043142795563,
  "106": 0.6194865107536316,
  "107": 0.334367960691452,
  "108": 0.33284619450569153,
  "109": 0.1903141289949417,
  "110": 0.6430034041404724,
  "111": 0.8742477893829346,
  "112": 0.4250022768974304,
  "113": 0.7185896635055542,
  "114": 0.2087177038192749,
  "115": 0.4012487828731537,
  "116": 0.27568188309669495,
  "117": 0.9737017154693604,
  "118": 0.14603057503700256,
  "119": 0.23021924495697021,
  "120": 0.5886598825454712,
  "121": 0.6102708578109741,
  "122": 0.4908164143562317,
  "123": 0.5585083365440369,
  "124": 0.3402820825576782,
  "125": 0.3625766634941101,
  "126": 0.5786612033843994,
  "127": 0.5836821794509888,
  "128": 0.7802344560623169,
  "129": 0.4790091812610626,
  "130": 0.8971513509750366,
  "131": 0.9887208342552185,
  "132": 0.7521275281906128,
  "133": 0.8050477504730225,
  "134": 0.1416177600622177,
  "135": 0.9887009859085083,
  "136": 0.47302067279815674,
  "137": 0.47138160467147827,
  "138": 0.3959067165851593,
  "139": 0.21458587050437927,
  "140": 0.41265562176704407,
  "141": 0.09847143292427063,
  "142": 0.283578485250473,
  "143": 0.6122764348983765,
  "144": 0.8066754937171936,
  "145": 0.4101390242576599,
  "146": 0.2837468981742859,
  "147": 0.9595151543617249,
  "148": 0.5952534079551697,
  "149": 0.2467232644557953,
  "150": 0.38574424386024475,
  "151": 0.09781555831432343,
  "152": 0.2964657247066498,
  "153": 0.4751725196838379,
  "154": 0.9685240983963013,
  "155": 0.23336078226566315,
  "156": 0.7940497398376465,
  "157": 0.39459025859832764,
  "158": 0.18913745880126953,
  "159": 0.9582258462905884
}