{
  "0": 0.0031415447448179625,
  "1": 0.00030317349465568247,
  "2": 0.021370262662082085,
  "3": 0.0001347980668721725,
  "4": 0.00010319913809587798,
  "5": 0.002174501962369337,
  "6": 0.6464104353468816,
  "7": 0.007841786535560953,
  "8": 0.002648486104139918,
  "9": 0.4611567137323213,
  "10": 0.04241660183172699,
  "11": 0.004778609211542575,
  "12": 0.08438839447755647,
  "13": 0.014071977131328581,
  "14": 0.004835194075377301,
  "15": 0.0762306422142752,
  "16": 0.06648694322631986,
  "17": 0.000783309508734448,
  "18": 0.006691225033370012,
  "19": 0.0025245941548284485,
  "20": 0.00716969090072145,
  "21": 0.021544482297145787,
  "22": 0.0015474800253776635,
  "24": 0.001919509963891502,
  "27": 0.000703348945566869,
  "28": 0.0012802841860905887,
  "29": 0.002721742425371544,
  "30": 0.0278173520620594,
  "31": 0.20745136097871328,
  "32": 0.0009770415478055025,
  "33": 0.026065325106655633,
  "35": 0.00817113677870021,
  "36": 0.005444298362445498,
  "37": 0.004964631393094596,
  "38": 0.2295370602806348,
  "39": 0.4820652285119059,
  "40": 0.028297027371509513,
  "41": 0.03085615528381596,
  "42": 0.06714144213631279,
  "43": 0.0003190605128288864,
  "44": 0.0001597162810174221,
  "45": 0.01409833257301596,
  "46": 0.07672718447909835,
  "47": 0.01401596695532895,
  "48": 0.001169798702409366,
  "49": 9.438335206117396e-05,
  "50": 0.21540897819592664,
  "51": 0.31340605909439956,
  "53": 0.22492807393584702,
  "54": 0.08072163391848491,
  "56": 0.12835777125579023,
  "58": 0.0815609182030711,
  "59": 0.03035471282915583,
  "60": 0.36511675009589617,
  "61": 0.010032126425256407,
  "62": 0.16354066652214636,
  "63": 0.027783496580113264,
  "64": 0.004732434906944034,
  "65": 0.03820266706438792,
  "66": 0.0003491091938460339,
  "67": 0.00016423896196647778,
  "68": 0.3147376273515624,
  "69": 0.1136622127693692,
  "70": 0.07043743633040413,
  "71": 0.024205982119271573,
  "72": 0.027593724615801653,
  "73": 0.02516539633467695,
  "74": 0.041936872388902015,
  "75": 0.006429562708195669,
  "76": 0.00015047386195470445,
  "77": 0.0010662235142715757,
  "78": 0.0008125887740334198,
  "79": 0.011887232773709965,
  "80": 0.03580527161282883,
  "81": 0.0012892397887287873,
  "82": 0.09062298779345353,
  "83": 0.017454591638599613,
  "84": 0.19517694481435863,
  "85": 0.005188241083539886,
  "86": 0.012416776139216773,
  "87": 0.0027374665039377705,
  "88": 0.009556816565926855,
  "89": 0.7103362804181851,
  "90": 0.07523401150404171,
  "91": 0.0042838941292493386,
  "92": 0.0024632167594867116,
  "93": 0.36552650977675055,
  "94": 0.14041691181112176,
  "95": 0.016874305403055123,
  "96": 0.05610525994818348,
  "97": 0.002804692382627334,
  "98": 0.0021483162601867514,
  "99": 0.008971369039561337,
  "100": 0.7138622094971073,
  "101": 0.039349947578596736,
  "102": 0.011817168276416358,
  "104": 0.06300874090791068,
  "105": 0.004098713422930146,
  "106": 0.06336899664492605,
  "107": 0.008286361710196326,
  "108": 0.03206726659707149,
  "109": 0.006185790167436465,
  "110": 0.008428186359849084,
  "111": 0.06035591398102047,
  "112": 0.010147306260111295,
  "113": 0.06067594837338671,
  "115": 0.003206019046871281,
  "116": 0.034564258323540195,
  "117": 0.0396411655710494,
  "118": 0.03762301453260246,
  "119": 0.9112444261004626,
  "120": 0.6710637145720928,
  "121": 0.7286323680549053,
  "122": 0.199390573998802,
  "123": 0.0001484409804015078,
  "124": 0.057086549933387194,
  "125": 0.05889609630501189,
  "126": 0.2831631751173709,
  "127": 0.14782740317410684,
  "128": 0.03361848295213668,
  "129": 0.26196655742910147,
  "130": 0.021134982524781142,
  "131": 0.21572315769114697,
  "132": 0.01912765557912052,
  "133": 0.08945987241849164,
  "134": 0.0021306028834586245,
  "135": 0.009983431314934538,
  "136": 0.10992878896956705,
  "137": 0.21299330639099215,
  "138": 0.14195767120425817,
  "139": 0.24832108087485605,
  "140": 0.02219037957930901,
  "141": 0.03835414827412998,
  "142": 0.3474503717003417,
  "143": 0.44970072057716554,
  "144": 0.02498221491576279,
  "145": 0.7273206582994373,
  "146": 0.03555478518062486,
  "147": 0.08945300536958152,
  "148": 0.01318499288186052,
  "149": 0.01742348162192923,
  "150": 0.012133497693575745,
  "151": 0.002652726457230807,
  "152": 0.15247487033439217,
  "153": 0.6436955118752771,
  "154": 0.772352801757263,
  "155": 0.1627882970550884,
  "156": 0.005382885238646627,
  "157": 0.0013097465954907185,
  "158": 0.002290288206586819,
  "159": 0.0008573750927516232
}