{
    "block_size": 16,
    "cuda_profile": {
        "block_size": 16,
        "input_token_upper_limit": 2000,
        "intervals": {
            "(0, 1)": {
                "intercept": 0.017536401748657227,
                "slope": 0
            },
            "(1, 101)": {
                "intercept": 0.01716815233230591,
                "slope": 0.00036824941635131835
            },
            "(1001, 1101)": {
                "intercept": -0.03918053150177003,
                "slope": 0.0003826761245727539
            },
            "(101, 201)": {
                "intercept": 0.02281232833862304,
                "slope": 0.00031236648559570314
            },
            "(1101, 1201)": {
                "intercept": 0.08648292064666752,
                "slope": 0.0002685403823852539
            },
            "(1201, 1301)": {
                "intercept": -0.16269076824188233,
                "slope": 0.0004760122299194336
            },
            "(1301, 1401)": {
                "intercept": 0.14131296634674073,
                "slope": 0.00024234294891357423
            },
            "(1401, 1501)": {
                "intercept": -0.018050088882446302,
                "slope": 0.0003560924530029297
            },
            "(1501, 1601)": {
                "intercept": -0.060289046764373744,
                "slope": 0.0003842329978942871
            },
            "(1601, 1701)": {
                "intercept": -0.08629100561141967,
                "slope": 0.00040047407150268556
            },
            "(1701, 1801)": {
                "intercept": -4.984584774971008,
                "slope": 0.003280129432678223
            },
            "(1801, 2000)": {
                "intercept": 5.8679509973526,
                "slope": -0.0027457094192504883
            },
            "(201, 301)": {
                "intercept": 0.014463813304901124,
                "slope": 0.0003539013862609863
            },
            "(301, 401)": {
                "intercept": 0.03216727256774901,
                "slope": 0.0002950859069824219
            },
            "(401, 501)": {
                "intercept": 0.047397284507751464,
                "slope": 0.000257105827331543
            },
            "(501, 601)": {
                "intercept": 0.012520942687988285,
                "slope": 0.00032671928405761716
            },
            "(601, 701)": {
                "intercept": -0.0366646337509155,
                "slope": 0.0004085588455200195
            },
            "(701, 801)": {
                "intercept": 0.018609070777893033,
                "slope": 0.0003297090530395508
            },
            "(801, 901)": {
                "intercept": -0.002319691181182859,
                "slope": 0.000355837345123291
            },
            "(901, 1001)": {
                "intercept": 0.08773725986480713,
                "slope": 0.00025588512420654297
            }
        },
        "max_model_len": 2048,
        "max_num_batched_tokens": 2048,
        "max_num_seqs": 2000,
        "model": "/home/gridsan/swang2/model_weights/Llama-3.1-8B-Instruct",
        "model_name": "Llama-3.1-8B-Instruct_2-V100",
        "num_gpu_blocks": 12062,
        "num_watermark_blocks": 120,
        "uses_cuda": true
    },
    "input_token_upper_limit": 2048,
    "max_model_len": 2048,
    "max_num_batched_tokens": 2048,
    "max_num_seqs": 2000,
    "model": "/home/gridsan/swang2/model_weights/Llama-3.1-8B-Instruct",
    "model_name": "Llama-3.1-8B-Instruct_2-V100",
    "no_cuda_profile": {
        "block_size": 16,
        "input_token_upper_limit": 2048,
        "intervals": {
            "(0, 1)": {
                "intercept": 0.019161462783813477,
                "slope": 0
            },
            "(1, 2)": {
                "intercept": -0.019873619079589844,
                "slope": 0.03903508186340332
            },
            "(1002, 1052)": {
                "intercept": -0.13477788925170897,
                "slope": 0.00032489776611328126
            },
            "(102, 152)": {
                "intercept": 0.05945009231567383,
                "slope": -4.5013427734375e-06
            },
            "(1052, 1102)": {
                "intercept": 0.12791210174560547,
                "slope": 7.519245147705078e-05
            },
            "(1102, 1152)": {
                "intercept": 0.12253649711608887,
                "slope": 8.007049560546874e-05
            },
            "(1152, 1202)": {
                "intercept": -0.5838404560089111,
                "slope": 0.0006932449340820312
            },
            "(1202, 1252)": {
                "intercept": 0.7598488521575928,
                "slope": -0.00042463302612304687
            },
            "(1252, 1302)": {
                "intercept": -0.330350980758667,
                "slope": 0.0004461336135864258
            },
            "(1302, 1352)": {
                "intercept": 0.0637967586517334,
                "slope": 0.00014340877532958984
            },
            "(1352, 1402)": {
                "intercept": 0.1873697566986084,
                "slope": 5.200862884521484e-05
            },
            "(1402, 1452)": {
                "intercept": -0.2102091598510742,
                "slope": 0.0003355884552001953
            },
            "(1452, 1502)": {
                "intercept": -0.6477646827697754,
                "slope": 0.0006369352340698242
            },
            "(1502, 1552)": {
                "intercept": 0.6714787292480469,
                "slope": -0.00024138927459716798
            },
            "(152, 202)": {
                "intercept": 0.05305307388305664,
                "slope": 3.758430480957031e-05
            },
            "(1552, 1602)": {
                "intercept": 0.13819778442382813,
                "slope": 0.00010221958160400391
            },
            "(1602, 1652)": {
                "intercept": 0.27814300537109377,
                "slope": 1.4863014221191407e-05
            },
            "(1652, 1702)": {
                "intercept": -0.4028932762145996,
                "slope": 0.00042711257934570314
            },
            "(1702, 1752)": {
                "intercept": 0.1733749771118164,
                "slope": 8.852958679199219e-05
            },
            "(1752, 1802)": {
                "intercept": -0.8970804214477539,
                "slope": 0.0006995201110839844
            },
            "(1802, 1852)": {
                "intercept": 1.0824410915374756,
                "slope": -0.00039899349212646484
            },
            "(1852, 1902)": {
                "intercept": 0.28042513847351075,
                "slope": 3.406047821044922e-05
            },
            "(1902, 1952)": {
                "intercept": -0.6329947185516356,
                "slope": 0.0005143022537231445
            },
            "(1952, 2048)": {
                "intercept": 0.16330212593078614,
                "slope": 0.00010636329650878906
            },
            "(2, 52)": {
                "intercept": 0.05825605392456055,
                "slope": -2.9754638671875e-05
            },
            "(202, 252)": {
                "intercept": 0.0404754638671875,
                "slope": 9.984970092773438e-05
            },
            "(252, 302)": {
                "intercept": -0.15755189895629884,
                "slope": 0.0008856725692749024
            },
            "(302, 352)": {
                "intercept": 0.27520851135253904,
                "slope": -0.0005473089218139648
            },
            "(352, 402)": {
                "intercept": 0.015558090209960934,
                "slope": 0.0001903343200683594
            },
            "(402, 452)": {
                "intercept": 0.05624398231506348,
                "slope": 8.912563323974609e-05
            },
            "(452, 502)": {
                "intercept": 0.03681176185607911,