{
    "block_size": 16,
    "cuda_profile": {
        "block_size": 16,
        "input_token_upper_limit": 1003,
        "intervals": {
            "(0, 1)": {
                "intercept": 0.003809213638305664,
                "slope": 0
            },
            "(1, 5)": {
                "intercept": 0.0014330744743347168,
                "slope": 0.0023761391639709473
            },
            "(101, 105)": {
                "intercept": 0.027911484241485596,
                "slope": -0.0001671910285949707
            },
            "(105, 133)": {
                "intercept": -0.0037063956260681152,
                "slope": 0.00013393163681030273
            },
            "(133, 189)": {
                "intercept": 0.002913564443588257,
                "slope": 8.415750094822474e-05
            },
            "(189, 201)": {
                "intercept": 0.006506383419036865,
                "slope": 6.514787673950195e-05
            },
            "(201, 233)": {
                "intercept": 0.021080702543258667,
                "slope": -7.361173629760742e-06
            },
            "(233, 289)": {
                "intercept": -0.020571040255682814,
                "slope": 0.00017140167100088938
            },
            "(289, 301)": {
                "intercept": 0.0017244021097819022,
                "slope": 9.42548116048177e-05
            },
            "(301, 389)": {
                "intercept": 0.01721264828335155,
                "slope": 4.279884425076571e-05
            },
            "(33, 41)": {
                "intercept": 0.007422536611557007,
                "slope": -1.963973045349121e-05
            },
            "(389, 401)": {
                "intercept": -0.1012910008430481,
                "slope": 0.00034743547439575195
            },
            "(401, 489)": {
                "intercept": 0.03343067927794023,
                "slope": 1.1471184817227451e-05
            },
            "(41, 89)": {
                "intercept": 0.003258114059766134,
                "slope": 8.193155129750569e-05
            },
            "(489, 501)": {
                "intercept": -0.2601310610771179,
                "slope": 0.0006118019421895345
            },
            "(5, 9)": {
                "intercept": 0.024038732051849365,
                "slope": -0.0021449923515319824
            },
            "(501, 601)": {
                "intercept": 0.015548675060272216,
                "slope": 6.154298782348633e-05
            },
            "(601, 701)": {
                "intercept": 0.02116992473602295,
                "slope": 5.218982696533203e-05
            },
            "(701, 801)": {
                "intercept": 0.013745946884155272,
                "slope": 6.278038024902344e-05
            },
            "(801, 901)": {
                "intercept": 0.019859001636505128,
                "slope": 5.514860153198242e-05
            },
            "(89, 101)": {
                "intercept": 0.007025857766469319,
                "slope": 3.959735234578451e-05
            },
            "(9, 33)": {
                "intercept": 0.003968566656112671,
                "slope": 8.502602577209473e-05
            },
            "(901, 1003)": {
                "intercept": 0.02721856832504272,
                "slope": 4.698038101196289e-05
            }
        },
        "max_model_len": 2048,
        "max_num_batched_tokens": 1024,
        "max_num_seqs": 1003,
        "model": "neuralmagic/Llama-3.2-1B-Instruct-FP8",
        "model_name": "llama-1b_L40S",
        "num_gpu_blocks": 140302,
        "num_watermark_blocks": 1403,
        "uses_cuda": true
    },
    "input_token_upper_limit": 1024,
    "max_model_len": 2048,
    "max_num_batched_tokens": 1024,
    "max_num_seqs": 1003,
    "model": "neuralmagic/Llama-3.2-1B-Instruct-FP8",
    "model_name": "llama-1b_L40S",
    "no_cuda_profile": {
        "block_size": 16,
        "input_token_upper_limit": 1024,
        "intervals": {
            "(0, 1)": {
                "intercept": 0.004137992858886719,
                "slope": 0
            },
            "(1, 2)": {
                "intercept": -0.002256155014038086,
                "slope": 0.006394147872924805
            },
            "(102, 152)": {
                "intercept": 0.010056886672973633,
                "slope": 5.288124084472656e-06
            },
            "(152, 202)": {
                "intercept": 0.012657442092895509,
                "slope": -1.1820793151855468e-05
            },
            "(2, 52)": {
                "intercept": 0.010532693862915039,
                "slope": -2.765655517578125e-07
            },
            "(202, 252)": {
                "intercept": 0.00952122688293457,
                "slope": 3.705024719238281e-06
            },
            "(252, 302)": {
                "intercept": -0.04296595573425292,
                "slope": 0.00021198749542236328
            },
            "(302, 352)": {
                "intercept": 0.02734583854675293,
                "slope": -2.083301544189453e-05
            },
            "(352, 402)": {
                "intercept": 0.08061366081237793,
                "slope": -0.0001721620559692383
            },
            "(402, 452)": {
                "intercept": 0.007873611450195312,
                "slope": 8.783340454101563e-06
            },
            "(452, 502)": {
                "intercept": 0.009257316589355469,
                "slope": 5.7220458984375e-06
            },
            "(502, 552)": {
                "intercept": -0.005892553329467774,
                "slope": 3.5901069641113284e-05
            },
            "(52, 102)": {
                "intercept": 0.010437231063842773,
                "slope": 1.5592575073242188e-06
            },
            "(552, 602)": {
                "intercept": 0.009121179580688477,
                "slope": 8.702278137207031e-06
            },
            "(602, 652)": {
                "intercept": 0.008489656448364257,
                "slope": 9.751319885253906e-06
            },
            "(652, 702)": {
                "intercept": 0.006770391464233399,
                "slope": 1.2388229370117188e-05
            },
            "(702, 752)": {
                "intercept": 0.004768648147583007,
                "slope": 1.5239715576171875e-05
            },
            "(752, 802)": {
                "intercept": -0.14036364555358885,
                "slope": 0.00020823478698730468
            },
            "(802, 852)": {
                "intercept": 0.17510506629943848,
                "slope": -0.0001851177215576172
            },
            "(852, 902)": {
                "intercept": 0.005952463150024415,
                "slope": 1.3418197631835938e-05
            },
            "(902, 952)": {
                "intercept": 0.010924501419067385,
                "slope": 7.905960083007812e-06
            },
            "(952, 1024)": {
                "intercept": 0.00919041633605957,
                "slope": 9.72747802734375e-06
            }
        },
        "max_model_len": 2048,
        "max_num_batched_tokens": 1024,
        "max_num_seqs": 1003,
        "model": "neuralmagic/Llama-3.2-1B-Instruct-FP8",
        "model_name": "llama-1b_L40S",
        "num_gpu_blocks": 140302,
        "num_watermark_blocks": 1403,
        "uses_cuda": false
    },
    "num_gpu_blocks": 140302,
    "num_watermark_blocks": 1403
}