{
    "5_sequential_100_in": {
        "ttft": {
            "mean": 1.5243954176862426,
            "stdev": 0.7783424905283063,
            "relative_sim_error": [
                0.35936529746726736,
                1.100141006584257,
                2.1720503925123937,
                2.1028927540406253,
                1.8875276378266699
            ],
            "abs_sim_error": [
                0.00064849853515625,
                0.0019922256469726562,
                0.003952741622924805,
                0.003829479217529297,
                0.002979755401611328
            ]
        },
        "tgt": {
            "mean": 0.9787827148565064,
            "stdev": 0.24786476712648947,
            "relative_sim_error": [
                1.1821354735736345,
                1.1317619978118965,
                1.0850150482297076,
                0.9245945086749533,
                0.57040654599234
            ],
            "abs_sim_error": [
                0.010165929794311523,
                0.009488105773925781,
                0.008854866027832031,
                0.007329463958740234,
                0.004388093948364258
            ]
        }
    },
    "5_sequential_1000_in": {
        "ttft": {
            "mean": -1.1822992133806434,
            "stdev": 0.2518426114222227,
            "relative_sim_error": [
                -0.7951499061624335,
                -1.0878569256009438,
                -1.234581350665941,
                -1.39897196000048,
                -1.394935924473419
            ],
            "abs_sim_error": [
                -0.006563901901245117,
                -0.009004831314086914,
                -0.010267257690429688,
                -0.01167607307434082,
                -0.006773233413696289
            ]
        },
        "tgt": {
            "mean": -0.8552781266372446,
            "stdev": 0.015514376125201271,
            "relative_sim_error": [
                -0.8555887156262713,
                -0.8693684601423477,
                -0.8659414457286322,
                -0.8557139475708816,
                -0.8297780641180903
            ],
            "abs_sim_error": [
                -0.13347244262695312,
                -0.13265204429626465,
                -0.1291356086730957,
                -0.12465167045593262,
                -0.11795163154602051
            ]
        }
    },
    "10_sequential_1000_in": {
        "ttft": {
            "mean": 7.943300576857603,
            "stdev": 30.785666328668082,
            "relative_sim_error": [
                -0.5572451289979418,
                -0.9604699158596602,
                -1.1573596712887144,
                -1.2305990449201931,
                -1.3524859839963608,
                -1.3390747951819997,
                95.51481397351881,
                -3.137291849885568,
                -3.172999378113083,
                -3.1742824366992557
            ],
            "abs_sim_error": [
                -0.00458216667175293,
                -0.007933378219604492,
                -0.009607315063476562,
                -0.010227203369140625,
                -0.01125645637512207,
                -0.006507396697998047,
                7.3435468673706055,
                -0.4980123043060303,
                -0.5041141510009766,
                -0.5043141841888428
            ]
        },
        "tgt": {
            "mean": -2.1923862142180557,
            "stdev": 1.6596514217800504,
            "relative_sim_error": [
                -2.9772277866084433,
                -3.009917035545075,
                -3.038736056223773,
                -3.057454048978775,
                -3.0733857384179943,
                -2.7717215647820135,
                2.3809905759287933,
                -2.1265331008471566,
                -2.1260299281015267,
                -2.1238474586045903
            ],
            "abs_sim_error": [
                -0.4860653877258301,
                -0.4916653633117676,
                -0.49666810035705566,
                -0.4999120235443115,
                -0.502671480178833,
                -0.6317393779754639,
                0.6737661361694336,
                -0.6294534206390381,
                -0.6292734146118164,
                -0.6285786628723145
            ]
        }
    },
    "5_concurrent_100_in": {
        "ttft": {
            "mean": 1.2440165444820557,
            "stdev": 0.0007184478919867096,
            "relative_sim_error": [
                1.2428117211475769,
                1.2439147235824208,
                1.2443389616876348,
                1.244423809735318,
                1.244593506257328
            ],
            "abs_sim_error": [
                0.003535747528076172,
                0.003538846969604492,
                0.0035400390625,
                0.0035402774810791016,
                0.0035407543182373047
            ]
        },
        "tgt": {
            "mean": 0.5566713586667008,
            "stdev": 0.00958247405607835,
            "relative_sim_error": [
                0.5709176773628197,
                0.5605426950708203,
                0.5551826817795016,
                0.5504631431792847,
                0.5462505959410777
            ],
            "abs_sim_error": [
                0.005132198333740234,
                0.0050394535064697266,
                0.0049915313720703125,
                0.004949331283569336,
                0.004911661148071289
            ]
        }
    },
    "5_concurrent_1000_in": {
        "ttft": {
            "mean": -1.1468056521953782,
            "stdev": 0.1580460244105829,
            "relative_sim_error": [
                -0.9054210216336042,
                -1.0839309465370428,
                -1.1807151242408542,
                -1.281842705946049,
                -1.2821184626193411
            ],
            "abs_sim_error": [
                -0.007543087005615234,
                -0.013569831848144531,
                -0.01972794532775879,
                -0.0265810489654541,
                -0.027475833892822266
            ]
        },
        "tgt": {
            "mean": -0.9899206171744812,
            "stdev": 0.005486403041496173,
            "relative_sim_error": [
                -0.9878001763991041,
                -0.9930734222710738,
                -0.9952177764566414,
                -0.9921351998167078,
                -0.9813765109288787
            ],
            "abs_sim_error": [
                -0.1542677879333496,
                -0.15578293800354004,
                -0.15680432319641113,
                -0.15699005126953125,
                -0.15593647956848145
            ]
        }
    },
    "10_concurrent_1000_in": {
        "ttft": {
            "mean": 5.103379205352312,
            "stdev": 22.10414935303744,
            "relative_sim_error": [
                -1.0628750342514972,
                -1.161595382999931,
                -1.2670918249509706,
                -1.3728652161221941,
                -1.4214464461062808,
                -1.4217942399124253,
                67.96622583909982,
                -3.049614359492559,
                -3.0903026192909318,
                -3.084848662449904
            ],
            "abs_sim_error": [
                -0.008868932723999023,
                -0.014553546905517578,
                -0.02118968963623047,
                -0.028728961944580078,
                -0.03540325164794922,
                -0.03640389442443848,
                7.076439380645752,
                -0.5630807876586914,
                -0.5733644962310791,
                -0.5744991302490234
            ]
        },
        "tgt": {
            "mean": -2.3064782234425185,
            "stdev": 1.5621376723810907,