{
    "block_size": 16,
    "cuda_profile": {
        "block_size": 16,
        "input_token_upper_limit": 2000,
        "intervals": {
            "(0, 1)": {
                "intercept": 0.026048660278320312,
                "slope": 0
            },
            "(1, 101)": {
                "intercept": 0.02554810523986816,
                "slope": 0.0005005550384521484
            },
            "(1001, 1101)": {
                "intercept": -2.425154473781586,
                "slope": 0.0028538966178894044
            },
            "(101, 201)": {
                "intercept": 0.04865963220596313,
                "slope": 0.0002717280387878418
            },
            "(1101, 1201)": {
                "intercept": 2.9076699018478394,
                "slope": -0.00198972225189209
            },
            "(1201, 1301)": {
                "intercept": -0.293733811378479,
                "slope": 0.0006758928298950196
            },
            "(1301, 1401)": {
                "intercept": -2.8005828261375427,
                "slope": 0.0026027560234069824
            },
            "(1401, 1501)": {
                "intercept": 3.576254172325134,
                "slope": -0.0019488763809204102
            },
            "(1501, 1601)": {
                "intercept": -0.24818768739700325,
                "slope": 0.000599052906036377
            },
            "(1601, 1701)": {
                "intercept": -0.06881157875061039,
                "slope": 0.0004870128631591797
            },
            "(1701, 1801)": {
                "intercept": 0.01622820138931269,
                "slope": 0.00043701887130737305
            },
            "(1801, 2000)": {
                "intercept": 0.20305230617523184,
                "slope": 0.00033328533172607424
            },
            "(201, 301)": {
                "intercept": 0.015093052387237543,
                "slope": 0.00043872594833374026
            },
            "(301, 401)": {
                "intercept": 0.005473089218139632,
                "slope": 0.0004706859588623047
            },
            "(401, 501)": {
                "intercept": 0.1062569522857666,
                "slope": 0.00021935462951660155
            },
            "(501, 601)": {
                "intercept": 0.008910653591156004,
                "slope": 0.00041365861892700195
            },
            "(601, 701)": {
                "intercept": -1.357406942844391,
                "slope": 0.002687065601348877
            },
            "(701, 801)": {
                "intercept": 1.6839136624336244,
                "slope": -0.0016514801979064942
            },
            "(801, 901)": {
                "intercept": -0.049669220447540297,
                "slope": 0.0005127930641174316
            },
            "(901, 1001)": {
                "intercept": 0.23901654958724977,
                "slope": 0.00019238710403442382
            }
        },
        "max_model_len": 2048,
        "max_num_batched_tokens": 2048,
        "max_num_seqs": 2000,
        "model": "/home/gridsan/swang2/model_weights/Llama-3.1-8B-Instruct",
        "model_name": "Llama-3.1-8B-Instruct_1-V100",
        "num_gpu_blocks": 2241,
        "num_watermark_blocks": 22,
        "uses_cuda": true
    },
    "input_token_upper_limit": 2048,
    "max_model_len": 2048,
    "max_num_batched_tokens": 2048,
    "max_num_seqs": 2000,
    "model": "/home/gridsan/swang2/model_weights/Llama-3.1-8B-Instruct",
    "model_name": "Llama-3.1-8B-Instruct_1-V100",
    "no_cuda_profile": {
        "block_size": 16,
        "input_token_upper_limit": 2048,
        "intervals": {
            "(0, 1)": {
                "intercept": 0.03220105171203613,
                "slope": 0
            },
            "(1, 2)": {
                "intercept": -0.0018951892852783203,
                "slope": 0.03409624099731445
            },
            "(1002, 1052)": {
                "intercept": 0.3861994171142578,
                "slope": -7.400035858154297e-05
            },
            "(102, 152)": {
                "intercept": 0.22113851547241212,
                "slope": -0.0009780120849609375
            },
            "(1052, 1102)": {
                "intercept": 0.2027423095703125,
                "slope": 0.00010038852691650391
            },
            "(1102, 1152)": {
                "intercept": 0.33413196563720704,
                "slope": -1.8839836120605468e-05
            },
            "(1152, 1202)": {
                "intercept": -0.10552989959716796,
                "slope": 0.0003628110885620117
            },
            "(1202, 1252)": {
                "intercept": 0.16365961074829102,
                "slope": 0.00013885974884033202
            },
            "(1252, 1302)": {
                "intercept": -1.5416891479492185,
                "slope": 0.0015009593963623046
            },
            "(1302, 1352)": {
                "intercept": 1.1228901290893556,
                "slope": -0.0005455684661865235
            },
            "(1352, 1402)": {
                "intercept": 0.28860477447509764,
                "slope": 7.150650024414063e-05
            },
            "(1402, 1452)": {
                "intercept": -0.32191294670104986,
                "slope": 0.0005069684982299805
            },
            "(1452, 1502)": {
                "intercept": 0.24227660179138183,
                "slope": 0.000118408203125
            },
            "(1502, 1552)": {
                "intercept": -0.46366952896118163,
                "slope": 0.0005884122848510742
            },
            "(152, 202)": {
                "intercept": 0.08063604354858399,
                "slope": -5.365371704101562e-05
            },
            "(1552, 1602)": {
                "intercept": -0.733906650543213,
                "slope": 0.0007625341415405274
            },
            "(1602, 1652)": {
                "intercept": 1.269089879989624,
                "slope": -0.0004877758026123047
            },
            "(1652, 1702)": {
                "intercept": -0.38468094825744636,
                "slope": 0.000513296127319336
            },
            "(1702, 1752)": {
                "intercept": 0.20978285789489742,
                "slope": 0.00016402244567871095
            },
            "(1752, 1802)": {
                "intercept": -0.2158546161651611,
                "slope": 0.0004069662094116211
            },
            "(1802, 1852)": {
                "intercept": 0.26625929832458495,
                "slope": 0.0001394224166870117
            },
            "(1852, 1902)": {
                "intercept": -1.0632513904571534,
                "slope": 0.0008573007583618165
            },
            "(1902, 1952)": {
                "intercept": 0.7259410667419434,
                "slope": -8.33892822265625e-05
            },
            "(1952, 2048)": {
                "intercept": 0.17420827865600585,
                "slope": 0.00019926071166992187
            },
            "(2, 52)": {
                "intercept": 0.06626277923583984,
                "slope": 1.7256736755371093e-05
            },
            "(202, 252)": {
                "intercept": 0.06636221885681153,
                "slope": 1.700878143310547e-05
            },
            "(252, 302)": {
                "intercept": -0.6039969158172608,
                "slope": 0.002677164077758789
            },
            "(302, 352)": {
                "intercept": 0.8285169696807861,
                "slope": -0.0020662593841552735
            },
            "(352, 402)": {
                "intercept": -0.33556017875671384,
                "slope": 0.0012407779693603515
            },
            "(402, 452)": {
                "intercept": 0.3961571407318115,
                "slope": -0.0005794143676757812
            },
            "(452, 502)": {
                "intercept": 0.08861897468566894,
                "slope": 0.00010097980499267579
            },